Workbook

Sheet 검토_가이드
A1: CRMLN 반기(1년 2회) 측정결과 검토 템플릿 — 사용 가이드
A2: KDCA NMRL(Lab 509) · HDL-C / LDL-C(β-quantification) · Claude for Excel 연계용
A4: ① 사용 방법 (매 회차)
A5: 1. [결과정리] 시트의 R1·R2·R3 열(Day1: E·F·G / Day2: Q·R·S)에 새 회차 측정값을 붙여넣습니다.
A6: 2. CS 검체의 채택 2반복 셀이 자동으로 노란색으로 표시됩니다(선택 기준: 종합 BF+HDL 상대편차·균형, 검체별 동일 R index 잠금).
A7: 3. QC·Control(NIST·CFS·Q2)의 bias가 CRMLN member 기준을 초과하면 해당 bias 셀이 자동으로 빨간색으로 표시됩니다.
A8: 4. 값만 바꾸면 색상이 즉시 재계산되므로 별도 조작이 필요 없습니다(수식·조건부 서식 기반). 선택 기준을 바꿔 비교하려면 [제출결과_선택검토] 시트의 선택 옵션(C4)을 사용합니다.
A10: ② CRMLN member laboratory 판정 기준 (자동 빨강 표시 기준)
A11: 항목 | B11: 관리물질 | C11: 기준 | D11: 비고
A12: NIST (TC) | B12: NIST1·2 | C12: bias ±1% | D12: SRM 1951 정확도 앵커
A13: BF (하부분획) | B13: CFS·Q2 | C13: bias ±2% | D13: LDL 기준 준용(BF=LDL 상류)
A14: HDL-C | B14: CFS·Q2 | C14: bias ±1 mg/dL | D14: 저농도 → mg/dL로 판정
A15: LDL-C | B15: CFS·Q2 | C15: bias ±2%
A17: ③ 선택(채택) 로직
A18: · 각 CS 검체·Day에서 R1/R2/R3 중 1개를 제외하고 2개를 채택합니다.
A19: · 제외 기준: BF·HDL 각각 median 대비 상대편차(%)의 합이 가장 큰 replicate(=이상치)를 제외 — 기본(종합) 옵션이며, [제출결과_선택검토] 시트에서 12종 옵션으로 변경·비교할 수 있습니다.
A20: · BF·HDL·LDL은 동일 R index로 잠금 채택(LDL = BF − HDL 정합 유지).
A21: · QC·Control은 제출 대상이 아니므로 선택·표시하지 않습니다(전체 3반복 사용).
A22: · 방법론 원칙: 정밀도 기반 선택이며, 결과를 유리하게 만들기 위한 선택은 지양.
A24: ④ [제출결과_선택검토] 시트 — 선택 옵션별 제출결과 검토
A25: · 목적: [2026-07_결과정리] 시트와 동일한 DAY1·DAY2 표 양식으로 선택 결과를 재현하고, 선택 옵션을 바꿔가며 채택값·정밀도를 비교합니다.
A26: · 사용법: [C4] 드롭다운에서 옵션을 고르면 ① 표의 채택 셀(노란색)·제외 셀(회색)·평균·CV·판정과 ②~④ 요약이 즉시 재계산됩니다.
A27: · '수동 지정' 선택 시 부록 ⑤ 표의 S열(수동 제외R)에 검체·Day별로 R1/R2/R3을 직접 입력합니다.
A29: 구분 | B29: 선택 옵션 | C29: 제외/채택 로직
A30: 정밀도 기준 (권장) | B30: 종합 (BF+HDL 상대편차) · 균형 [기본] | C30: median 대비 BF+HDL 상대편차(%) 합이 가장 큰 replicate 1개 제외
B31: LDL 결과 우선 (LDL 편차 최소) | C31: LDL 상대편차가 가장 큰 replicate 1개 제외
B32: BF(하부분획) 우선 | C32: BF 상대편차가 가장 큰 replicate 1개 제외
B33: HDL 우선 | C33: HDL 상대편차가 가장 큰 replicate 1개 제외
B34: 3항목 종합 (BF+HDL+LDL) | C34: BF+HDL+LDL 상대편차 합이 가장 큰 replicate 1개 제외
B35: 최소분산 쌍 (가장 근접 2개 채택) | C35: 잔여 2개의 상대간격 합(BF+HDL+LDL)이 최소가 되도록 1개 제외
A36: 방향성 (민감도·what-if) | B36: HDL 높은값 우선 (상위 2개 채택) | C36: HDL 최저값 replicate 제외
B37: HDL 낮은값 우선 (하위 2개 채택) | C37: HDL 최고값 replicate 제외
B38: BF 높은값 우선 (상위 2개 채택) | C38: BF 최저값 replicate 제외
B39: BF 낮은값 우선 (하위 2개 채택) | C39: BF 최고값 replicate 제외
A40: 기타 (검토용) | B40: 3반복 전체 (참고·선택 미적용) | C40: 제외 없이 R1·R2·R3 평균 사용
B41: 수동 지정 (직접 입력) | C41: 부록 ⑤ S열에 지정한 replicate 제외
A43: · 기본(종합) 대비 비교 컬럼: 각 Day 블록 오른쪽에 [기본(종합) 채택 / Δ 평균 / 기본 CV% / Δ CV%p]가 표시됩니다.
A44: - Δ 평균 ≠ 0 → 기본 선택과 채택 조합이 달라진 검체·Day (노란 강조)
A45: - Δ CV%p < 0(초록) 정밀도 개선 · > 0(주황) 정밀도 악화
A46: · 시트 구성: ① 선택 결과(결과정리 양식) → ② 제출용 요약 → ③ 판정 기준 → ④ 검토 요약 → ⑤ 부록(선택 계산 근거·수동 입력)
A47: · QC·Control(NIST·CFS·Q2)은 선택 대상이 아니며 3반복 전체를 사용합니다(대시보드와 동일).
A48: ⚠ 방향성 옵션은 값의 크기로 채택하는 민감도 분석 전용입니다. 제출용 선택은 반드시 정밀도 기준 옵션을 사용하십시오.
A49: ※ CV 산출: 본 시트는 결과정리 시트와 동일하게 표본 SD(STDEV)를 사용합니다. 웹대시보드는 모집단 SD를 사용하므로 본 시트 CV = 대시보드 CV × √2 입니다.
A52: ⑤ Claude for Excel 활용 프롬프트 (복사해서 사용)
A53: Excel의 Claude for Excel add-in 대화창에 아래 문장을 붙여넣어 검토를 이어갈 수 있습니다.
A54: "[결과정리] 시트에서 CS 검체별 채택 2반복(노란색)의 평균을 BF·HDL·LDL 각각 계산해 제출용 표로 만들어줘. LDL=BF−HDL 정합도 확인해줘."
A55: "QC·Control의 bias를 CRMLN member 기준(NIST ±1%, BF·LDL ±2%, HDL ±1 mg/dL)으로 판정하고, 초과 항목과 원인 가설을 요약해줘."
A56: "이번 회차 CS 검체 반복 CV와 Day1–Day2 재현성을 계산하고, member 정밀도 기준(TC 1%·LDL 1.5%·HDL 1SD) 대비 판정표를 만들어줘."
... A61: ※ Claude for Excel은 Pro·Max·Team·Enterprise 플랜에서 Excel(웹·Windows·Mac·iPad) add-in으로 사용합니다. 매크로·VBA는 지원하지 않습니다. 감사·최종 제출 산출물은 반드시 검토자 확인 후 확정하십시오.

Sheet RESULT(Conc)_DAY1
D2: CON | E2: ABS
A3: B1 | B3: Standard | D3: 0 | E3: 0.0007 | F3: =(E3+0.00135)/0.001819 -> 1.1269929 | G3: =(E3+0.000638)/0.001817 -> 0.73637865 | H3: =D3-G3 -> -0.73637865
A4: B2 | B4: Standard | D4: 0 | E4: 0 | F4: =(E4+0.00135)/0.001819 -> 0.74216603 | G4: =(E4+0.000638)/0.001817 -> 0.35112823 | H4: =D4-G4 -> -0.35112823
A5: 25_1 | B5: Standard | D5: 26.59 | F5: =(E5+0.00135)/0.001819 -> 0.74216603 | G5: =(E5+0.000638)/0.001817 -> 0.35112823 | H5: =D5-G5 -> 26.238872
A6: 25_2 | B6: Standard | D6: 26.59 | E6: 0.0464 | F6: =(E6+0.00135)/0.001819 -> 26.250687 | G6: =(E6+0.000638)/0.001817 -> 25.887727 | H6: =D6-G6 -> 0.70227298
A7: 50_1 | B7: Standard | D7: 53 | F7: =(E7+0.00135)/0.001819 -> 0.74216603 | G7: =(E7+0.000638)/0.001817 -> 0.35112823 | H7: =D7-G7 -> 52.648872
A8: 50_2 | B8: Standard | D8: 53 | E8: 0.0955 | F8: =(E8+0.00135)/0.001819 -> 53.24354 | G8: =(E8+0.000638)/0.001817 -> 52.910292 | H8: =D8-G8 -> 0.08970831
A9: 100_1 | B9: Standard | D9: 106.08 | F9: =(E9+0.00135)/0.001819 -> 0.74216603 | G9: =(E9+0.000638)/0.001817 -> 0.35112823 | H9: =D9-G9 -> 105.72887
A10: 100_2 | B10: Standard | D10: 106.08 | E10: 0.1907 | F10: =(E10+0.00135)/0.001819 -> 105.57999 | G10: =(E10+0.000638)/0.001817 -> 105.30435 | H10: =D10-G10 -> 0.77565217
A11: 200_1 | B11: Standard | D11: 212.8 | E11: 0.3855 | F11: =(E11+0.00135)/0.001819 -> 212.6718 | G11: =(E11+0.000638)/0.001817 -> 212.51403 | H11: =D11-G11 -> 0.28596588
A12: 200_2 | B12: Standard | D12: 212.8 | E12: 0.3866 | F12: =(E12+0.00135)/0.001819 -> 213.27653 | G12: =(E12+0.000638)/0.001817 -> 213.11943 | H12: =D12-G12 -> -0.31942763
A13: 300_1 | B13: Standard | D13: 319.43 | E13: 0.5806 | F13: =(E13+0.00135)/0.001819 -> 319.92853 | G13: =(E13+0.000638)/0.001817 -> 319.88883 | H13: =D13-G13 -> -0.45882774
A14: 300_2 | B14: Standard | D14: 319.43 | F14: =(E14+0.00135)/0.001819 -> 0.74216603 | G14: =(E14+0.000638)/0.001817 -> 0.35112823 | H14: =D14-G14 -> 319.07887
A15: 400_1 | B15: Standard | D15: 427.25 | F15: =(E15+0.00135)/0.001819 -> 0.74216603 | G15: =(E15+0.000638)/0.001817 -> 0.35112823 | H15: =D15-G15 -> 426.89887
A16: 400_2 | B16: Standard | D16: 427.25 | E16: 0.7751 | F16: =(E16+0.00135)/0.001819 -> 426.85542 | G16: =(E16+0.000638)/0.001817 -> 426.93341 | H16: =D16-G16 -> 0.31659329
I17: STANDARD 제조일: 2025-10-22 | M17: * 실험일 : 2026-06-18 *실험담당 : 이현애
M18: * Abs 측정장비 :Shimadzu UV-2700
A19: NIST1_1 | B19: Unknown | D19: =(E19+0.000638)/0.001817 -> 154.45129 | E19: 0.28 | I19: A.value | J19: R1 | K19: R2 | L19: R3 | M19: mean | N19: stdev | O19: cv | P19: bias
A20: NIST1_2 | B20: Unknown | D20: =(E20+0.000638)/0.001817 -> 154.45129 | E20: 0.28 | G20: QC | H20: NIST1 | I20: 154.6 | J20: =D19 -> 154.45129 | K20: =D20 -> 154.45129 | L20: =D21 -> 155.66208 | M20: =AVERAGE(J20:L20) -> 154.85489 | N20: =STDEV(J20:L20) -> 0.69904821 | O20: =N20/M20*100 -> 0.45142146 | P20: =(M20-I20)/I20*100 -> 0.16486999
A21: NIST1_3 | B21: Unknown | D21: =(E21+0.000638)/0.001817 -> 155.66208 | E21: 0.2822
D22: =(E22+0.000638)/0.001817 -> 0.35112823 | G22: BF Control | H22: CFS 21-01 | I22: 169.55748 | J22: =D25 -> 168.76059 | K22: =D26 -> 171.01706 | L22: =D27 -> 170.68685 | M22: =AVERAGE(J22:L22) -> 170.15483 | N22: =STDEV(J22:L22) -> 1.2186831 | O22: =N22/M22*100 -> 0.71622008 | P22: =(M22-I22)/I22*100 -> 0.35230167
D23: =(E23+0.000638)/0.001817 -> 0.35112823 | H23: Q2 | I23: 196.2 | J23: =D28 -> 198.75509 | K23: =D29 -> 198.75509 | L23: =D30 -> 198.53495 | M23: =AVERAGE(J23:L23) -> 198.68171 | N23: =STDEV(J23:L23) -> 0.12709967 | O23: =N23/M23*100 -> 0.063971502 | P23: =(M23-I23)/I23*100 -> 1.2648878
D24: =(E24+0.000638)/0.001817 -> 0.35112823 | G24: BF Sample | H24: CS 01-01 | J24: =D31 -> 159.67969 | K24: =D32 -> 160.17501 | L24: =D33 -> 159.40451 | M24: =AVERAGE(J24:L24) -> 159.75307 | N24: =STDEV(J24:L24) -> 0.39045674 | O24: =N24/M24*100 -> 0.24441266 | P24: =(M24-I24)/I24*100 -> #DIV/0!
A25: BF CFS2101_1 | B25: Unknown | D25: =(E25+0.000638)/0.001817 -> 168.76059 | E25: 0.306 | H25: CS 01-02 | J25: =D34 -> 159.78976 | K25: =D35 -> 160.34012 | L25: =D36 -> 160.00991 | M25: =AVERAGE(J25:L25) -> 160.0466 | N25: =STDEV(J25:L25) -> 0.27700732 | O25: =N25/M25*100 -> 0.17307917 | P25: =(M25-I25)/I25*100 -> #DIV/0!
A26: BF CFS2101_2 | B26: Unknown | D26: =(E26+0.000638)/0.001817 -> 171.01706 | E26: 0.3101 | H26: CS 02-01 | J26: =D37 -> 239.81178 | K26: =D38 -> 240.85746 | L26: =D39 -> 239.81178 | M26: =AVERAGE(J26:L26) -> 240.16034 | N26: =STDEV(J26:L26) -> 0.60372345 | O26: =N26/M26*100 -> 0.2513835 | P26: =(M26-I26)/I26*100 -> #DIV/0!
A27: BF CFS2101_3 | B27: Unknown | D27: =(E27+0.000638)/0.001817 -> 170.68685 | E27: 0.3095 | H27: CS 02-02 | J27: =D40 -> 240.3071 | K27: =D41 -> 239.70171 | L27: =D42 -> 240.52724 | M27: =AVERAGE(J27:L27) -> 240.17868 | N27: =STDEV(J27:L27) -> 0.42748781 | O27: =N27/M27*100 -> 0.17798741 | P27: =(M27-I27)/I27*100 -> #DIV/0!
A28: BF Q2_1 | B28: Unknown | D28: =(E28+0.000638)/0.001817 -> 198.75509 | E28: 0.3605 | H28: CS 03-01 | J28: =D43 -> 132.7672 | K28: =D44 -> 132.49202 | L28: =D45 -> 132.49202 | M28: =AVERAGE(J28:L28) -> 132.58375 | N28: =STDEV(J28:L28) -> 0.15887459 | O28: =N28/M28*100 -> 0.11982962 | P28: =(M28-I28)/I28*100 -> #DIV/0!
A29: BF Q2_2 | B29: Unknown | D29: =(E29+0.000638)/0.001817 -> 198.75509 | E29: 0.3605 | H29: CS 03-02 | J29: =D46 -> 131.83159 | K29: =D47 -> 132.32691 | L29: =D48 -> 132.43698 | M29: =AVERAGE(J29:L29) -> 132.1985 | N29: =STDEV(J29:L29) -> 0.3224802 | O29: =N29/M29*100 -> 0.24393636 | P29: =(M29-I29)/I29*100 -> #DIV/0!
A30: BF Q2_3 | B30: Unknown | D30: =(E30+0.000638)/0.001817 -> 198.53495 | E30: 0.3601 | G30: HDL Control x1.09 | H30: CFS 21-01 | I30: 49.006709 | J30: =D49*1.09 -> 48.493902 | K30: =D50*1.09 -> 48.733858 | L30: =D51*1.09 -> 48.553891 | M30: =AVERAGE(J30:L30) -> 48.593884 | N30: =STDEV(J30:L30) -> 0.12487705 | O30: =N30/M30*100 -> 0.256981 | P30: =(M30-I30)/I30*100 -> -0.84238539
A31: BF CS 0101_1 | B31: Unknown | D31: =(E31+0.000638)/0.001817 -> 159.67969 | E31: 0.2895 | H31: Q2 | I31: 58.3 | J31: =D52*1.09 -> 57.912174 | K31: =D53*1.09 -> 57.55224 | L31: =D54*1.09 -> 58.032152 | M31: =AVERAGE(J31:L31) -> 57.832189 | N31: =STDEV(J31:L31) -> 0.24975409 | O31: =N31/M31*100 -> 0.43186001 | P31: =(M31-I31)/I31*100 -> -0.80242094
A32: BF CS 0101_2 | B32: Unknown | D32: =(E32+0.000638)/0.001817 -> 160.17501 | E32: 0.2904 | G32: HDL Sample x1.09 | H32: CS 01-01 | J32: =D55*1.09 -> 46.094342 | K32: =D56*1.09 -> 46.21432 | L32: =D57*1.09 -> 46.334298 | M32: =AVERAGE(J32:L32) -> 46.21432 | N32: =STDEV(J32:L32) -> 0.11997799 | O32: =N32/M32*100 -> 0.25961214 | P32: =(M32-I32)/I32*100 -> #DIV/0!
A33: BF CS 0101_3 | B33: Unknown | D33: =(E33+0.000638)/0.001817 -> 159.40451 | E33: 0.289 | H33: CS 01-02 | J33: =D58*1.09 -> 45.61443 | K33: =D59*1.09 -> 45.854386 | L33: =D60*1.09 -> 45.914375 | M33: =AVERAGE(J33:L33) -> 45.794397 | N33: =STDEV(J33:L33) -> 0.15871596 | O33: =N33/M33*100 -> 0.34658379 | P33: =(M33-I33)/I33*100 -> #DIV/0!
A34: BF CS 0102_1 | B34: Unknown | D34: =(E34+0.000638)/0.001817 -> 159.78976 | E34: 0.2897 | H34: CS 02-01 | J34: =D61*1.09 -> 57.072328 | K34: =D62*1.09 -> 56.652405 | L34: =D63*1.09 -> 56.292471 | M34: =AVERAGE(J34:L34) -> 56.672401 | N34: =STDEV(J34:L34) -> 0.39031281 | O34: =N34/M34*100 -> 0.68871761 | P34: =(M34-I34)/I34*100 -> #DIV/0!
A35: BF CS 0102_2 | B35: Unknown | D35: =(E35+0.000638)/0.001817 -> 160.34012 | E35: 0.2907 | H35: CS 02-02 | J35: =D64*1.09 -> 56.532427 | K35: =D65*1.09 -> 56.892361 | L35: =D66*1.09 -> 56.532427 | M35: =AVERAGE(J35:L35) -> 56.652405 | N35: =STDEV(J35:L35) -> 0.20780797 | O35: =N35/M35*100 -> 0.36681226 | P35: =(M35-I35)/I35*100 -> #DIV/0!
A36: BF CS 0102_3 | B36: Unknown | D36: =(E36+0.000638)/0.001817 -> 160.00991 | E36: 0.2901 | H36: CS 03-01 | J36: =D67*1.09 -> 52.153231 | K36: =D68*1.09 -> 52.393187 | L36: =D69*1.09 -> 52.093242 | M36: =AVERAGE(J36:L36) -> 52.21322 | N36: =STDEV(J36:L36) -> 0.15871596 | O36: =N36/M36*100 -> 0.30397657 | P36: =(M36-I36)/I36*100 -> #DIV/0!
A37: BF CS 0201_1 | B37: Unknown | D37: =(E37+0.000638)/0.001817 -> 239.81178 | E37: 0.4351 | H37: CS 03-02 | J37: =D70*1.09 -> 52.633143 | K37: =D71*1.09 -> 52.993076 | L37: =D72*1.09 -> 52.573154 | M37: =AVERAGE(J37:L37) -> 52.733124 | N37: =STDEV(J37:L37) -> 0.22711466 | O37: =N37/M37*100 -> 0.43068691 | P37: =(M37-I37)/I37*100 -> #DIV/0!
A38: BF CS 0201_2 | B38: Unknown | D38: =(E38+0.000638)/0.001817 -> 240.85746 | E38: 0.437 | G38: LDL Control | H38: CFS 21-01 | I38: 120.55077 | J38: =J22-J30 -> 120.26669 | K38: =K22-K30 -> 122.2832 | L38: =L22-L30 -> 122.13296 | M38: =AVERAGE(J38:L38) -> 121.56095 | N38: =STDEV(J38:L38) -> 1.123375 | O38: =N38/M38*100 -> 0.92412485 | P38: =(M38-I38)/I38*100 -> 0.83796991
A39: BF CS 0201_3 | B39: Unknown | D39: =(E39+0.000638)/0.001817 -> 239.81178 | E39: 0.4351 | H39: Q2 | I39: 137.9 | J39: =J23-J31 -> 140.84292 | K39: =K23-K31 -> 141.20285 | L39: =L23-L31 -> 140.5028 | M39: =AVERAGE(J39:L39) -> 140.84952 | N39: =STDEV(J39:L39) -> 0.35007424 | O39: =N39/M39*100 -> 0.24854486 | P39: =(M39-I39)/I39*100 -> 2.1388841
A40: BF CS 0202_1 | B40: Unknown | D40: =(E40+0.000638)/0.001817 -> 240.3071 | E40: 0.436 | G40: LDL | H40: CS 01-01 | J40: =J24-J32 -> 113.58535 | K40: =K24-K32 -> 113.96069 | L40: =L24-L32 -> 113.07021 | M40: =AVERAGE(J40:L40) -> 113.53875 | N40: =STDEV(J40:L40) -> 0.44706441 | O40: =N40/M40*100 -> 0.39375491 | P40: =(M40-I40)/I40*100 -> #DIV/0!
A41: BF CS 0202_2 | B41: Unknown | D41: =(E41+0.000638)/0.001817 -> 239.70171 | E41: 0.4349 | H41: CS 01-02 | J41: =J25-J33 -> 114.17533 | K41: =K25-K33 -> 114.48573 | L41: =L25-L33 -> 114.09553 | M41: =AVERAGE(J41:L41) -> 114.2522 | N41: =STDEV(J41:L41) -> 0.20614577 | O41: =N41/M41*100 -> 0.18043046 | P41: =(M41-I41)/I41*100 -> #DIV/0!
A42: BF CS 0202_3 | B42: Unknown | D42: =(E42+0.000638)/0.001817 -> 240.52724 | E42: 0.4364 | H42: CS 02-01 | J42: =J26-J34 -> 182.73945 | K42: =K26-K34 -> 184.20505 | L42: =L26-L34 -> 183.51931 | M42: =AVERAGE(J42:L42) -> 183.48794 | N42: =STDEV(J42:L42) -> 0.73330475 | O42: =N42/M42*100 -> 0.39964739 | P42: =(M42-I42)/I42*100 -> #DIV/0!
A43: BF CS 0301_1 | B43: Unknown | D43: =(E43+0.000638)/0.001817 -> 132.7672 | E43: 0.2406 | H43: CS 02-02 | J43: =J27-J35 -> 183.77467 | K43: =K27-K35 -> 182.80935 | L43: =L27-L35 -> 183.99482 | M43: =AVERAGE(J43:L43) -> 183.52628 | N43: =STDEV(J43:L43) -> 0.63056331 | O43: =N43/M43*100 -> 0.34358203 | P43: =(M43-I43)/I43*100 -> #DIV/0!
A44: BF CS 0301_2 | B44: Unknown | D44: =(E44+0.000638)/0.001817 -> 132.49202 | E44: 0.2401 | H44: CS 03-01 | J44: =J28-J36 -> 80.613968 | K44: =K28-K36 -> 80.098833 | L44: =L28-L36 -> 80.398778 | M44: =AVERAGE(J44:L44) -> 80.370527 | N44: =STDEV(J44:L44) -> 0.25872687 | O44: =N44/M44*100 -> 0.3219176 | P44: =(M44-I44)/I44*100 -> #DIV/0!
A45: BF CS 0301_3 | B45: Unknown | D45: =(E45+0.000638)/0.001817 -> 132.49202 | E45: 0.2401 | H45: CS 03-02 | J45: =J29-J37 -> 79.198448 | K45: =K29-K37 -> 79.333836 | L45: =L29-L37 -> 79.86383 | M45: =AVERAGE(J45:L45) -> 79.465371 | N45: =STDEV(J45:L45) -> 0.35165275 | O45: =N45/M45*100 -> 0.44252326 | P45: =(M45-I45)/I45*100 -> #DIV/0!
A46: BF CS 0302_1 | B46: Unknown | D46: =(E46+0.000638)/0.001817 -> 131.83159 | E46: 0.2389
A47: BF CS 0302_2 | B47: Unknown | D47: =(E47+0.000638)/0.001817 -> 132.32691 | E47: 0.2398
A48: BF CS 0302_3 | B48: Unknown | D48: =(E48+0.000638)/0.001817 -> 132.43698 | E48: 0.24
A49: HDL CFS2101_1 | B49: Unknown | D49: =(E49+0.000638)/0.001817 -> 44.489818 | E49: 0.0802
A50: HDL CFS2101_2 | B50: Unknown | D50: =(E50+0.000638)/0.001817 -> 44.709961 | E50: 0.0806
A51: HDL CFS2101_3 | B51: Unknown | D51: =(E51+0.000638)/0.001817 -> 44.544854 | E51: 0.0803
A52: HDL Q2_1 | B52: Unknown | D52: =(E52+0.000638)/0.001817 -> 53.130435 | E52: 0.0959
A53: HDL Q2_2 | B53: Unknown | D53: =(E53+0.000638)/0.001817 -> 52.80022 | E53: 0.0953
A54: HDL Q2_3 | B54: Unknown | D54: =(E54+0.000638)/0.001817 -> 53.240506 | E54: 0.0961
A55: HDL CS 0101_1 | B55: Unknown | D55: =(E55+0.000638)/0.001817 -> 42.288387 | E55: 0.0762
A56: HDL CS 0101_2 | B56: Unknown | D56: =(E56+0.000638)/0.001817 -> 42.398459 | E56: 0.0764
A57: HDL CS 0101_3 | B57: Unknown | D57: =(E57+0.000638)/0.001817 -> 42.508531 | E57: 0.0766
... A72: HDL CS 0302_3 | B72: Unknown | D72: =(E72+0.000638)/0.001817 -> 48.232251 | E72: 0.087

Sheet RESULT(Conc)_DAY2
D2: CON | E2: ABS
A3: B1 | B3: Standard | D3: 0 | E3: -0.0001 | F3: =(E3+0.001432)/0.001827 -> 0.72906404 | G3: =(E3+0.001084)/0.001825 -> 0.53917808 | H3: =D3-G3 -> -0.53917808 | I3: =(E3+0.001037)/0.001823 -> 0.51398793 | J3: =D3-K3 -> -0.63391877 | K3: =(E3+0.001255)/0.001822 -> 0.63391877
A4: B2 | B4: Standard | D4: 0 | E4: -0.0003 | F4: =(E4+0.001432)/0.001827 -> 0.61959496 | G4: =(E4+0.001084)/0.001825 -> 0.42958904 | H4: =D4-G4 -> -0.42958904 | I4: =(E4+0.001037)/0.001823 -> 0.40427866 | J4: =D4-K4 -> -0.52414929 | K4: =(E4+0.001255)/0.001822 -> 0.52414929
A5: 25_1 | B5: Standard | D5: 26.59 | E5: 0.0459 | F5: =(E5+0.001432)/0.001827 -> 25.906951 | G5: =(E5+0.001084)/0.001825 -> 25.744658 | H5: =D5-G5 -> 0.84534247 | I5: =(E5+0.001037)/0.001823 -> 25.74712 | J5: =D5-K5 -> 0.70909989 | K5: =(E5+0.001255)/0.001822 -> 25.8809
A6: 25_2 | B6: Standard | D6: 26.59 | F6: =(E6+0.001432)/0.001827 -> 0.78379858 | G6: =(E6+0.001084)/0.001825 -> 0.5939726 | H6: =D6-G6 -> 25.996027 | I6: =(E6+0.001037)/0.001823 -> 0.56884257 | J6: =D6-K6 -> 25.901196 | K6: =(E6+0.001255)/0.001822 -> 0.68880351
A7: 50_1 | B7: Standard | D7: 53 | F7: =(E7+0.001432)/0.001827 -> 0.78379858 | G7: =(E7+0.001084)/0.001825 -> 0.5939726 | H7: =D7-G7 -> 52.406027 | I7: =(E7+0.001037)/0.001823 -> 0.56884257 | J7: =D7-K7 -> 52.311196 | K7: =(E7+0.001255)/0.001822 -> 0.68880351
A8: 50_2 | B8: Standard | D8: 53 | E8: 0.0947 | F8: =(E8+0.001432)/0.001827 -> 52.617406 | G8: =(E8+0.001084)/0.001825 -> 52.484384 | H8: =D8-G8 -> 0.51561644 | I8: =(E8+0.001037)/0.001823 -> 52.516182 | J8: =D8-K8 -> 0.33534577 | K8: =(E8+0.001255)/0.001822 -> 52.664654
A9: 100_1 | B9: Standard | D9: 106.08 | E9: 0.1918 | F9: =(E9+0.001432)/0.001827 -> 105.76464 | G9: =(E9+0.001084)/0.001825 -> 105.68986 | H9: =D9-G9 -> 0.39013699 | I9: =(E9+0.001037)/0.001823 -> 105.78003 | J9: =D9-K9 -> 0.12226125 | K9: =(E9+0.001255)/0.001822 -> 105.95774
A10: 100_2 | B10: Standard | D10: 106.08 | E10: 0.1917 | F10: =(E10+0.001432)/0.001827 -> 105.70991 | G10: =(E10+0.001084)/0.001825 -> 105.63507 | H10: =D10-G10 -> 0.44493151 | I10: =(E10+0.001037)/0.001823 -> 105.72518 | J10: =D10-K10 -> 0.17714599 | K10: =(E10+0.001255)/0.001822 -> 105.90285
A11: 200_1 | B11: Standard | D11: 212.8 | F11: =(E11+0.001432)/0.001827 -> 0.78379858 | G11: =(E11+0.001084)/0.001825 -> 0.5939726 | H11: =D11-G11 -> 212.20603 | I11: =(E11+0.001037)/0.001823 -> 0.56884257 | J11: =D11-K11 -> 212.1112 | K11: =(E11+0.001255)/0.001822 -> 0.68880351
A12: 200_2 | B12: Standard | D12: 212.8 | F12: =(E12+0.001432)/0.001827 -> 0.78379858 | G12: =(E12+0.001084)/0.001825 -> 0.5939726 | H12: =D12-G12 -> 212.20603 | I12: =(E12+0.001037)/0.001823 -> 0.56884257 | J12: =D12-K12 -> 212.1112 | K12: =(E12+0.001255)/0.001822 -> 0.68880351
A13: 300_1 | B13: Standard | D13: 319.43 | E13: 0.5806 | F13: =(E13+0.001432)/0.001827 -> 318.57252 | G13: =(E13+0.001084)/0.001825 -> 318.73096 | H13: =D13-G13 -> 0.6990411 | I13: =(E13+0.001037)/0.001823 -> 319.05485 | J13: =D13-K13 -> 0.080384193 | K13: =(E13+0.001255)/0.001822 -> 319.34962
A14: 300_2 | B14: Standard | D14: 319.43 | F14: =(E14+0.001432)/0.001827 -> 0.78379858 | G14: =(E14+0.001084)/0.001825 -> 0.5939726 | H14: =D14-G14 -> 318.83603 | I14: =(E14+0.001037)/0.001823 -> 0.56884257 | J14: =D14-K14 -> 318.7412 | K14: =(E14+0.001255)/0.001822 -> 0.68880351
A15: 400_1 | B15: Standard | D15: 427.25 | E15: 0.7774 | F15: =(E15+0.001432)/0.001827 -> 426.29009 | G15: =(E15+0.001084)/0.001825 -> 426.56658 | H15: =D15-G15 -> 0.68342466 | I15: =(E15+0.001037)/0.001823 -> 427.00878 | J15: =D15-K15 -> -0.11278814 | K15: =(E15+0.001255)/0.001822 -> 427.36279
A16: 400_2 | B16: Standard | D16: 427.25 | F16: =(E16+0.001432)/0.001827 -> 0.78379858 | G16: =(E16+0.001084)/0.001825 -> 0.5939726 | H16: =D16-G16 -> 426.65603 | I16: =(E16+0.001037)/0.001823 -> 0.56884257 | J16: =D16-K16 -> 426.5612 | K16: =(E16+0.001255)/0.001822 -> 0.68880351
I17: STANDARD 제조일: 2025-10-22 | M17: * 실험일 : 2026-06-24 *실험담당 : 이현애
M18: * Abs 측정장비 :Shimadzu UV-2700
A19: NIST2_1 | B19: Unknown | D19: =(E19+0.001255)/0.001822 -> 244.92591 | E19: 0.445 | I19: A.value | J19: R1 | K19: R2 | L19: R3 | M19: mean | N19: stdev | O19: cv | P19: bias
A20: NIST2_2 | B20: Unknown | D20: =(E20+0.001255)/0.001822 -> 245.85895 | E20: 0.4467 | G20: QC | H20: NIST2 | I20: 244.8 | J20: =D19 -> 244.92591 | K20: =D20 -> 245.85895 | L20: =D21 -> 245.80406 | M20: =AVERAGE(J20:L20) -> 245.52964 | N20: =STDEV(J20:L20) -> 0.52356707 | O20: =N20/M20*100 -> 0.21323987 | P20: =(M20-I20)/I20*100 -> 0.29805464
A21: NIST2_3 | B21: Unknown | D21: =(E21+0.001255)/0.001822 -> 245.80406 | E21: 0.4466
D22: =(E22+0.001255)/0.001822 -> 0.68880351 | G22: BF Control | H22: CFS 21-01 | I22: 169.55748 | J22: =D25 -> 170.118 | K22: =D26 -> 171.9292 | L22: =D27 -> 170.77662 | M22: =AVERAGE(J22:L22) -> 170.94127 | N22: =STDEV(J22:L22) -> 0.91675593 | O22: =N22/M22*100 -> 0.53629876 | P22: =(M22-I22)/I22*100 -> 0.8161204
D23: =(E23+0.001255)/0.001822 -> 0.68880351
D24: =(E24+0.001255)/0.001822 -> 0.68880351 | G24: BF Sample | H24: CS 01-01 | J24: =D31 -> 160.4034 | K24: =D32 -> 160.73271 | L24: =D33 -> 160.56806 | M24: =AVERAGE(J24:L24) -> 160.56806 | N24: =STDEV(J24:L24) -> 0.16465423 | O24: =N24/M24*100 -> 0.10254482 | P24: =(M24-I24)/I24*100 -> #DIV/0!
A25: BF CFS2101_1 | B25: Unknown | D25: =(E25+0.001255)/0.001822 -> 170.118 | E25: 0.3087 | H25: CS 01-02 | J25: =D34 -> 161.17179 | K25: =D35 -> 160.7876 | L25: =D36 -> 159.74479 | M25: =AVERAGE(J25:L25) -> 160.56806 | N25: =STDEV(J25:L25) -> 0.73839869 | O25: =N25/M25*100 -> 0.45986649 | P25: =(M25-I25)/I25*100 -> #DIV/0!
A26: BF CFS2101_2 | B26: Unknown | D26: =(E26+0.001255)/0.001822 -> 171.9292 | E26: 0.312 | H26: CS 02-01 | J26: =D37 -> 240.42536 | K26: =D38 -> 240.37047 | L26: =D39 -> 240.59001 | M26: =AVERAGE(J26:L26) -> 240.46195 | N26: =STDEV(J26:L26) -> 0.1142517 | O26: =N26/M26*100 -> 0.047513423 | P26: =(M26-I26)/I26*100 -> #DIV/0!
A27: BF CFS2101_3 | B27: Unknown | D27: =(E27+0.001255)/0.001822 -> 170.77662 | E27: 0.3099 | H27: CS 02-02 | J27: =D40 -> 241.63282 | K27: =D41 -> 241.08397 | L27: =D42 -> 242.7854 | M27: =AVERAGE(J27:L27) -> 241.83407 | N27: =STDEV(J27:L27) -> 0.86838231 | O27: =N27/M27*100 -> 0.35908188 | P27: =(M27-I27)/I27*100 -> #DIV/0!
A28: BF QAS CNU 1703_1 | B28: Unknown | D28: =(E28+0.001255)/0.001822 -> 152.77442 | E28: 0.2771 | H28: CS 03-01 | J28: =D43 -> 131.14984 | K28: =D44 -> 131.2596 | L28: =D45 -> 131.69868 | M28: =AVERAGE(J28:L28) -> 131.36937 | N28: =STDEV(J28:L28) -> 0.29042276 | O28: =N28/M28*100 -> 0.22107341 | P28: =(M28-I28)/I28*100 -> #DIV/0!
A29: BF QAS CNU 1703_2 | B29: Unknown | D29: =(E29+0.001255)/0.001822 -> 152.55488 | E29: 0.2767 | H29: CS 03-02 | J29: =D46 -> 132.30241 | K29: =D47 -> 132.19265 | L29: =D48 -> 132.74149 | M29: =AVERAGE(J29:L29) -> 132.41218 | N29: =STDEV(J29:L29) -> 0.29042276 | O29: =N29/M29*100 -> 0.21933235 | P29: =(M29-I29)/I29*100 -> #DIV/0!
A30: BF QAS CNU 1703_3 | B30: Unknown | D30: =(E30+0.001255)/0.001822 -> 154.09166 | E30: 0.2795 | G30: HDL Control x1.09 | H30: CFS 21-01 | I30: 49.006709 | J30: =D49*1.09 -> 49.627305 | K30: =D50*1.09 -> 49.208535 | L30: =D51*1.09 -> 49.567481 | M30: =AVERAGE(J30:L30) -> 49.467774 | N30: =STDEV(J30:L30) -> 0.2264914 | O30: =N30/M30*100 -> 0.45785648 | P30: =(M30-I30)/I30*100 -> 0.94081906
A31: BF CS 0101_1 | B31: Unknown | D31: =(E31+0.001255)/0.001822 -> 160.4034 | E31: 0.291
A32: BF CS 0101_2 | B32: Unknown | D32: =(E32+0.001255)/0.001822 -> 160.73271 | E32: 0.2916 | G32: HDL Sample x1.09 | H32: CS 01-01 | J32: =D55*1.09 -> 47.174506 | K32: =D56*1.09 -> 46.097667 | L32: =D57*1.09 -> 46.935209 | M32: =AVERAGE(J32:L32) -> 46.735794 | N32: =STDEV(J32:L32) -> 0.56543787 | O32: =N32/M32*100 -> 1.2098604 | P32: =(M32-I32)/I32*100 -> #DIV/0!
A33: BF CS 0101_3 | B33: Unknown | D33: =(E33+0.001255)/0.001822 -> 160.56806 | E33: 0.2913 | H33: CS 01-02 | J33: =D58*1.09 -> 46.396789 | K33: =D59*1.09 -> 46.636087 | L33: =D60*1.09 -> 46.695911 | M33: =AVERAGE(J33:L33) -> 46.576262 | N33: =STDEV(J33:L33) -> 0.1582804 | O33: =N33/M33*100 -> 0.33983062 | P33: =(M33-I33)/I33*100 -> #DIV/0!
A34: BF CS 0102_1 | B34: Unknown | D34: =(E34+0.001255)/0.001822 -> 161.17179 | E34: 0.2924 | H34: CS 02-01 | J34: =D61*1.09 -> 57.165176 | K34: =D62*1.09 -> 56.985703 | L34: =D63*1.09 -> 57.165176 | M34: =AVERAGE(J34:L34) -> 57.105351 | N34: =STDEV(J34:L34) -> 0.10361885 | O34: =N34/M34*100 -> 0.18145208 | P34: =(M34-I34)/I34*100 -> #DIV/0!
A35: BF CS 0102_2 | B35: Unknown | D35: =(E35+0.001255)/0.001822 -> 160.7876 | E35: 0.2917 | H35: CS 02-02 | J35: =D64*1.09 -> 57.284824 | K35: =D65*1.09 -> 57.643771 | L35: =D66*1.09 -> 56.985703 | M35: =AVERAGE(J35:L35) -> 57.304766 | N35: =STDEV(J35:L35) -> 0.32948693 | O35: =N35/M35*100 -> 0.574973 | P35: =(M35-I35)/I35*100 -> #DIV/0!
A36: BF CS 0102_3 | B36: Unknown | D36: =(E36+0.001255)/0.001822 -> 159.74479 | E36: 0.2898 | H36: CS 03-01 | J36: =D67*1.09 -> 52.917645 | K36: =D68*1.09 -> 52.498875 | L36: =D69*1.09 -> 52.498875 | M36: =AVERAGE(J36:L36) -> 52.638465 | N36: =STDEV(J36:L36) -> 0.24177731 | O36: =N36/M36*100 -> 0.45931679 | P36: =(M36-I36)/I36*100 -> #DIV/0!
A37: BF CS 0201_1 | B37: Unknown | D37: =(E37+0.001255)/0.001822 -> 240.42536 | E37: 0.4368 | H37: CS 03-02 | J37: =D70*1.09 -> 52.857821 | K37: =D71*1.09 -> 52.857821 | L37: =D72*1.09 -> 52.917645 | M37: =AVERAGE(J37:L37) -> 52.877763 | N37: =STDEV(J37:L37) -> 0.034539615 | O37: =N37/M37*100 -> 0.065319737 | P37: =(M37-I37)/I37*100 -> #DIV/0!
A38: BF CS 0201_2 | B38: Unknown | D38: =(E38+0.001255)/0.001822 -> 240.37047 | E38: 0.4367 | G38: LDL Control | H38: CFS 21-01 | I38: 120.55077 | J38: =J22-J30 -> 120.4907 | K38: =K22-K30 -> 122.72066 | L38: =L22-L30 -> 121.20914 | M38: =AVERAGE(J38:L38) -> 121.4735 | N38: =STDEV(J38:L38) -> 1.1382458 | O38: =N38/M38*100 -> 0.93703221 | P38: =(M38-I38)/I38*100 -> 0.76542747
A39: BF CS 0201_3 | B39: Unknown | D39: =(E39+0.001255)/0.001822 -> 240.59001 | E39: 0.4371
A40: BF CS 0202_1 | B40: Unknown | D40: =(E40+0.001255)/0.001822 -> 241.63282 | E40: 0.439 | G40: LDL | H40: CS 01-01 | J40: =J24-J32 -> 113.2289 | K40: =K24-K32 -> 114.63504 | L40: =L24-L32 -> 113.63285 | M40: =AVERAGE(J40:L40) -> 113.83226 | N40: =STDEV(J40:L40) -> 0.72397309 | O40: =N40/M40*100 -> 0.63599991 | P40: =(M40-I40)/I40*100 -> #DIV/0!
A41: BF CS 0202_2 | B41: Unknown | D41: =(E41+0.001255)/0.001822 -> 241.08397 | E41: 0.438 | H41: CS 01-02 | J41: =J25-J33 -> 114.775 | K41: =K25-K33 -> 114.15151 | L41: =L25-L33 -> 113.04887 | M41: =AVERAGE(J41:L41) -> 113.99179 | N41: =STDEV(J41:L41) -> 0.87407583 | O41: =N41/M41*100 -> 0.76678838 | P41: =(M41-I41)/I41*100 -> #DIV/0!
A42: BF CS 0202_3 | B42: Unknown | D42: =(E42+0.001255)/0.001822 -> 242.7854 | E42: 0.4411 | H42: CS 02-01 | J42: =J26-J34 -> 183.26018 | K42: =K26-K34 -> 183.38477 | L42: =L26-L34 -> 183.42484 | M42: =AVERAGE(J42:L42) -> 183.3566 | N42: =STDEV(J42:L42) -> 0.085866707 | O42: =N42/M42*100 -> 0.046830444 | P42: =(M42-I42)/I42*100 -> #DIV/0!
A43: BF CS 0301_1 | B43: Unknown | D43: =(E43+0.001255)/0.001822 -> 131.14984 | E43: 0.2377 | H43: CS 02-02 | J43: =J27-J35 -> 184.348 | K43: =K27-K35 -> 183.4402 | L43: =L27-L35 -> 185.7997 | M43: =AVERAGE(J43:L43) -> 184.5293 | N43: =STDEV(J43:L43) -> 1.1901501 | O43: =N43/M43*100 -> 0.64496537 | P43: =(M43-I43)/I43*100 -> #DIV/0!
A44: BF CS 0301_2 | B44: Unknown | D44: =(E44+0.001255)/0.001822 -> 131.2596 | E44: 0.2379 | H44: CS 03-01 | J44: =J28-J36 -> 78.23219 | K44: =K28-K36 -> 78.76073 | L44: =L28-L36 -> 79.199808 | M44: =AVERAGE(J44:L44) -> 78.730909 | N44: =STDEV(J44:L44) -> 0.48449779 | O44: =N44/M44*100 -> 0.61538447 | P44: =(M44-I44)/I44*100 -> #DIV/0!
A45: BF CS 0301_3 | B45: Unknown | D45: =(E45+0.001255)/0.001822 -> 131.69868 | E45: 0.2387 | H45: CS 03-02 | J45: =J29-J37 -> 79.444594 | K45: =K29-K37 -> 79.334824 | L45: =L29-L37 -> 79.823847 | M45: =AVERAGE(J45:L45) -> 79.534422 | N45: =STDEV(J45:L45) -> 0.25658857 | O45: =N45/M45*100 -> 0.32261323 | P45: =(M45-I45)/I45*100 -> #DIV/0!
A46: BF CS 0302_1 | B46: Unknown | D46: =(E46+0.001255)/0.001822 -> 132.30241 | E46: 0.2398
A47: BF CS 0302_2 | B47: Unknown | D47: =(E47+0.001255)/0.001822 -> 132.19265 | E47: 0.2396
A48: BF CS 0302_3 | B48: Unknown | D48: =(E48+0.001255)/0.001822 -> 132.74149 | E48: 0.2406
A49: HDL CFS2101_1 | B49: Unknown | D49: =(E49+0.001255)/0.001822 -> 45.529638 | E49: 0.0817
A50: HDL CFS2101_2 | B50: Unknown | D50: =(E50+0.001255)/0.001822 -> 45.145445 | E50: 0.081
A51: HDL CFS2101_3 | B51: Unknown | D51: =(E51+0.001255)/0.001822 -> 45.474753 | E51: 0.0816
A52: HDL QAS CNU 1703_1 | B52: Unknown | D52: =(E52+0.001255)/0.001822 -> 47.889682 | E52: 0.086
A53: HDL QAS CNU 1703_2 | B53: Unknown | D53: =(E53+0.001255)/0.001822 -> 47.725027 | E53: 0.0857
A54: HDL QAS CNU 1703_3 | B54: Unknown | D54: =(E54+0.001255)/0.001822 -> 48.109221 | E54: 0.0864
A55: HDL CS 0101_1 | B55: Unknown | D55: =(E55+0.001255)/0.001822 -> 43.279363 | E55: 0.0776
A56: HDL CS 0101_2 | B56: Unknown | D56: =(E56+0.001255)/0.001822 -> 42.291438 | E56: 0.0758
A57: HDL CS 0101_3 | B57: Unknown | D57: =(E57+0.001255)/0.001822 -> 43.059824 | E57: 0.0772
... A72: HDL CS 0302_3 | B72: Unknown | D72: =(E72+0.001255)/0.001822 -> 48.548299 | E72: 0.0872

Sheet 2026-07_결과정리
B2: DAY 1 | D2: STANDARD 제조일: 2025-10-22 | H2: * 실험일 : 2026-06-18 *실험담당 : 이현애 | N2: DAY 2 | P2: STANDARD 제조일: 2025-10-22 | T2: * 실험일 : 2026-06-24 *실험담당 : 이현애
H3: * Abs 측정장비 :Shimadzu UV-2700 | T3: * Abs 측정장비 :Shimadzu UV-2700
D4: A.value | E4: R1 | F4: R2 | G4: R3 | H4: mean | I4: stdev | J4: cv | K4: bias(%) | L4: bias(mg/dl) | P4: A.value | Q4: R1 | R4: R2 | S4: R3 | T4: mean | U4: stdev | V4: cv | W4: bias(%) | X4: bias(mg/dl)
B5: QC | C5: NIST1 | D5: 154.6 | E5: 154.45129 | F5: 154.45129 | G5: 155.66208 | H5: =AVERAGE(E5:G5) -> 154.85489 | I5: =STDEV(E5:G5) -> 0.69904821 | J5: =I5/H5*100 -> 0.45142146 | K5: =(H5-D5)/D5*100 -> 0.16486999 | N5: QC | O5: NIST2 | P5: 244.8 | Q5: 244.92591 | R5: 245.85895 | S5: 245.80406 | T5: =AVERAGE(Q5:S5) -> 245.52964 | U5: =STDEV(Q5:S5) -> 0.52356707 | V5: =U5/T5*100 -> 0.21323987 | W5: =(T5-P5)/P5*100 -> 0.29805464
B7: BF Control | C7: CFS 21-01 | D7: 169.55748 | E7: 168.76059 | F7: 171.01706 | G7: 170.68685 | H7: =AVERAGE(E7:G7) -> 170.15483 | I7: =STDEV(E7:G7) -> 1.2186831 | J7: =I7/H7*100 -> 0.71622008 | K7: =(H7-D7)/D7*100 -> 0.35230167 | L7: =H7-D7 -> 0.59735383 | N7: BF Control | O7: CFS 21-01 | P7: 169.55748 | Q7: 170.118 | R7: 171.9292 | S7: 170.77662 | T7: =AVERAGE(Q7:S7) -> 170.94127 | U7: =STDEV(Q7:S7) -> 0.91675593 | V7: =U7/T7*100 -> 0.53629876 | W7: =(T7-P7)/P7*100 -> 0.8161204 | X7: =T7-P7 -> 1.3837932
C8: Q2 | D8: 196.2 | E8: 198.75509 | F8: 198.75509 | G8: 198.53495 | H8: =AVERAGE(E8:G8) -> 198.68171 | I8: =STDEV(E8:G8) -> 0.12709967 | J8: =I8/H8*100 -> 0.063971502 | K8: =(H8-D8)/D8*100 -> 1.2648878 | L8: =H8-D8 -> 2.4817098
B9: BF Sample | C9: CS 01-01 | E9: 159.67969 | F9: 160.17501 | G9: 159.40451 | H9: =AVERAGE(E9:G9) -> 159.75307 | I9: =STDEV(E9:G9) -> 0.39045674 | J9: =I9/H9*100 -> 0.24441266 | K9: =(H9-D9)/D9*100 -> #DIV/0! | N9: BF Sample | O9: CS 01-01 | Q9: 160.4034 | R9: 160.73271 | S9: 160.56806 | T9: =AVERAGE(Q9:S9) -> 160.56806 | U9: =STDEV(Q9:S9) -> 0.16465423 | V9: =U9/T9*100 -> 0.10254482 | W9: =(T9-P9)/P9*100 -> #DIV/0!
C10: CS 01-02 | E10: 159.78976 | F10: 160.34012 | G10: 160.00991 | H10: =AVERAGE(E10:G10) -> 160.0466 | I10: =STDEV(E10:G10) -> 0.27700732 | J10: =I10/H10*100 -> 0.17307917 | K10: =(H10-D10)/D10*100 -> #DIV/0! | O10: CS 01-02 | Q10: 161.17179 | R10: 160.7876 | S10: 159.74479 | T10: =AVERAGE(Q10:S10) -> 160.56806 | U10: =STDEV(Q10:S10) -> 0.73839869 | V10: =U10/T10*100 -> 0.45986649 | W10: =(T10-P10)/P10*100 -> #DIV/0!
C11: CS 02-01 | E11: 239.81178 | F11: 240.85746 | G11: 239.81178 | H11: =AVERAGE(E11:G11) -> 240.16034 | I11: =STDEV(E11:G11) -> 0.60372345 | J11: =I11/H11*100 -> 0.2513835 | K11: =(H11-D11)/D11*100 -> #DIV/0! | O11: CS 02-01 | Q11: 240.42536 | R11: 240.37047 | S11: 240.59001 | T11: =AVERAGE(Q11:S11) -> 240.46195 | U11: =STDEV(Q11:S11) -> 0.1142517 | V11: =U11/T11*100 -> 0.047513423 | W11: =(T11-P11)/P11*100 -> #DIV/0!
C12: CS 02-02 | E12: 240.3071 | F12: 239.70171 | G12: 240.52724 | H12: =AVERAGE(E12:G12) -> 240.17868 | I12: =STDEV(E12:G12) -> 0.42748781 | J12: =I12/H12*100 -> 0.17798741 | K12: =(H12-D12)/D12*100 -> #DIV/0! | O12: CS 02-02 | Q12: 241.63282 | R12: 241.08397 | S12: 242.7854 | T12: =AVERAGE(Q12:S12) -> 241.83407 | U12: =STDEV(Q12:S12) -> 0.86838231 | V12: =U12/T12*100 -> 0.35908188 | W12: =(T12-P12)/P12*100 -> #DIV/0!
C13: CS 03-01 | E13: 132.7672 | F13: 132.49202 | G13: 132.49202 | H13: =AVERAGE(E13:G13) -> 132.58375 | I13: =STDEV(E13:G13) -> 0.15887459 | J13: =I13/H13*100 -> 0.11982962 | K13: =(H13-D13)/D13*100 -> #DIV/0! | O13: CS 03-01 | Q13: 131.14984 | R13: 131.2596 | S13: 131.69868 | T13: =AVERAGE(Q13:S13) -> 131.36937 | U13: =STDEV(Q13:S13) -> 0.29042276 | V13: =U13/T13*100 -> 0.22107341 | W13: =(T13-P13)/P13*100 -> #DIV/0!
C14: CS 03-02 | E14: 131.83159 | F14: 132.32691 | G14: 132.43698 | H14: =AVERAGE(E14:G14) -> 132.1985 | I14: =STDEV(E14:G14) -> 0.3224802 | J14: =I14/H14*100 -> 0.24393636 | K14: =(H14-D14)/D14*100 -> #DIV/0! | O14: CS 03-02 | Q14: 132.30241 | R14: 132.19265 | S14: 132.74149 | T14: =AVERAGE(Q14:S14) -> 132.41218 | U14: =STDEV(Q14:S14) -> 0.29042276 | V14: =U14/T14*100 -> 0.21933235 | W14: =(T14-P14)/P14*100 -> #DIV/0!
B15: HDL Control x1.09 | C15: CFS 21-01 | D15: 49.006709 | E15: 48.493902 | F15: 48.733858 | G15: 48.553891 | H15: =AVERAGE(E15:G15) -> 48.593884 | I15: =STDEV(E15:G15) -> 0.12487705 | J15: =I15/H15*100 -> 0.256981 | K15: =(H15-D15)/D15*100 -> -0.84238539 | L15: =H15-D15 -> -0.41282536 | N15: HDL Control x1.09 | O15: CFS 21-01 | P15: 49.006709 | Q15: 49.627305 | R15: 49.208535 | S15: 49.567481 | T15: =AVERAGE(Q15:S15) -> 49.467774 | U15: =STDEV(Q15:S15) -> 0.2264914 | V15: =U15/T15*100 -> 0.45785648 | W15: =(T15-P15)/P15*100 -> 0.94081906 | X15: =T15-P15 -> 0.46106446
C16: Q2 | D16: 58.3 | E16: 57.912174 | F16: 57.55224 | G16: 58.032152 | H16: =AVERAGE(E16:G16) -> 57.832189 | I16: =STDEV(E16:G16) -> 0.24975409 | J16: =I16/H16*100 -> 0.43186001 | K16: =(H16-D16)/D16*100 -> -0.80242094 | L16: =H16-D16 -> -0.46781141
B17: HDL Sample x1.09 | C17: CS 01-01 | E17: 46.094342 | F17: 46.21432 | G17: 46.334298 | H17: =AVERAGE(E17:G17) -> 46.21432 | I17: =STDEV(E17:G17) -> 0.11997799 | J17: =I17/H17*100 -> 0.25961214 | K17: =(H17-D17)/D17*100 -> #DIV/0! | N17: HDL Sample x1.09 | O17: CS 01-01 | Q17: 47.174506 | R17: 46.097667 | S17: 46.935209 | T17: =AVERAGE(Q17:S17) -> 46.735794 | U17: =STDEV(Q17:S17) -> 0.56543787 | V17: =U17/T17*100 -> 1.2098604 | W17: =(T17-P17)/P17*100 -> #DIV/0!
C18: CS 01-02 | E18: 45.61443 | F18: 45.854386 | G18: 45.914375 | H18: =AVERAGE(E18:G18) -> 45.794397 | I18: =STDEV(E18:G18) -> 0.15871596 | J18: =I18/H18*100 -> 0.34658379 | K18: =(H18-D18)/D18*100 -> #DIV/0! | O18: CS 01-02 | Q18: 46.396789 | R18: 46.636087 | S18: 46.695911 | T18: =AVERAGE(Q18:S18) -> 46.576262 | U18: =STDEV(Q18:S18) -> 0.1582804 | V18: =U18/T18*100 -> 0.33983062 | W18: =(T18-P18)/P18*100 -> #DIV/0!
C19: CS 02-01 | E19: 57.072328 | F19: 56.652405 | G19: 56.292471 | H19: =AVERAGE(E19:G19) -> 56.672401 | I19: =STDEV(E19:G19) -> 0.39031281 | J19: =I19/H19*100 -> 0.68871761 | K19: =(H19-D19)/D19*100 -> #DIV/0! | O19: CS 02-01 | Q19: 57.165176 | R19: 56.985703 | S19: 57.165176 | T19: =AVERAGE(Q19:S19) -> 57.105351 | U19: =STDEV(Q19:S19) -> 0.10361885 | V19: =U19/T19*100 -> 0.18145208 | W19: =(T19-P19)/P19*100 -> #DIV/0!
C20: CS 02-02 | E20: 56.532427 | F20: 56.892361 | G20: 56.532427 | H20: =AVERAGE(E20:G20) -> 56.652405 | I20: =STDEV(E20:G20) -> 0.20780797 | J20: =I20/H20*100 -> 0.36681226 | K20: =(H20-D20)/D20*100 -> #DIV/0! | O20: CS 02-02 | Q20: 57.284824 | R20: 57.643771 | S20: 56.985703 | T20: =AVERAGE(Q20:S20) -> 57.304766 | U20: =STDEV(Q20:S20) -> 0.32948693 | V20: =U20/T20*100 -> 0.574973 | W20: =(T20-P20)/P20*100 -> #DIV/0!
C21: CS 03-01 | E21: 52.153231 | F21: 52.393187 | G21: 52.093242 | H21: =AVERAGE(E21:G21) -> 52.21322 | I21: =STDEV(E21:G21) -> 0.15871596 | J21: =I21/H21*100 -> 0.30397657 | K21: =(H21-D21)/D21*100 -> #DIV/0! | O21: CS 03-01 | Q21: 52.917645 | R21: 52.498875 | S21: 52.498875 | T21: =AVERAGE(Q21:S21) -> 52.638465 | U21: =STDEV(Q21:S21) -> 0.24177731 | V21: =U21/T21*100 -> 0.45931679 | W21: =(T21-P21)/P21*100 -> #DIV/0!
C22: CS 03-02 | E22: 52.633143 | F22: 52.993076 | G22: 52.573154 | H22: =AVERAGE(E22:G22) -> 52.733124 | I22: =STDEV(E22:G22) -> 0.22711466 | J22: =I22/H22*100 -> 0.43068691 | K22: =(H22-D22)/D22*100 -> #DIV/0! | O22: CS 03-02 | Q22: 52.857821 | R22: 52.857821 | S22: 52.917645 | T22: =AVERAGE(Q22:S22) -> 52.877763 | U22: =STDEV(Q22:S22) -> 0.034539615 | V22: =U22/T22*100 -> 0.065319737 | W22: =(T22-P22)/P22*100 -> #DIV/0!
B23: LDL Control | C23: CFS 21-01 | D23: 120.55077 | E23: 120.26669 | F23: 122.2832 | G23: 122.13296 | H23: =AVERAGE(E23:G23) -> 121.56095 | I23: =STDEV(E23:G23) -> 1.123375 | J23: =I23/H23*100 -> 0.92412485 | K23: =(H23-D23)/D23*100 -> 0.83796991 | L23: =H23-D23 -> 1.0101792 | N23: LDL Control | O23: CFS 21-01 | P23: 120.55077 | Q23: 120.4907 | R23: 122.72066 | S23: 121.20914 | T23: =AVERAGE(Q23:S23) -> 121.4735 | U23: =STDEV(Q23:S23) -> 1.1382458 | V23: =U23/T23*100 -> 0.93703221 | W23: =(T23-P23)/P23*100 -> 0.76542747 | X23: =T23-P23 -> 0.92272872
C24: Q2 | D24: 137.9 | E24: 140.84292 | F24: 141.20285 | G24: 140.5028 | H24: =AVERAGE(E24:G24) -> 140.84952 | I24: =STDEV(E24:G24) -> 0.35007424 | J24: =I24/H24*100 -> 0.24854486 | K24: =(H24-D24)/D24*100 -> 2.1388841 | L24: =H24-D24 -> 2.9495212
B25: LDL | C25: CS 01-01 | E25: 113.58535 | F25: 113.96069 | G25: 113.07021 | H25: =AVERAGE(E25:G25) -> 113.53875 | I25: =STDEV(E25:G25) -> 0.44706441 | J25: =I25/H25*100 -> 0.39375491 | K25: =(H25-D25)/D25*100 -> #DIV/0! | N25: LDL | O25: CS 01-01 | Q25: 113.2289 | R25: 114.63504 | S25: 113.63285 | T25: =AVERAGE(Q25:S25) -> 113.83226 | U25: =STDEV(Q25:S25) -> 0.72397309 | V25: =U25/T25*100 -> 0.63599991 | W25: =(T25-P25)/P25*100 -> #DIV/0!
C26: CS 01-02 | E26: 114.17533 | F26: 114.48573 | G26: 114.09553 | H26: =AVERAGE(E26:G26) -> 114.2522 | I26: =STDEV(E26:G26) -> 0.20614577 | J26: =I26/H26*100 -> 0.18043046 | K26: =(H26-D26)/D26*100 -> #DIV/0! | O26: CS 01-02 | Q26: 114.775 | R26: 114.15151 | S26: 113.04887 | T26: =AVERAGE(Q26:S26) -> 113.99179 | U26: =STDEV(Q26:S26) -> 0.87407583 | V26: =U26/T26*100 -> 0.76678838 | W26: =(T26-P26)/P26*100 -> #DIV/0!
C27: CS 02-01 | E27: 182.73945 | F27: 184.20505 | G27: 183.51931 | H27: =AVERAGE(E27:G27) -> 183.48794 | I27: =STDEV(E27:G27) -> 0.73330475 | J27: =I27/H27*100 -> 0.39964739 | K27: =(H27-D27)/D27*100 -> #DIV/0! | O27: CS 02-01 | Q27: 183.26018 | R27: 183.38477 | S27: 183.42484 | T27: =AVERAGE(Q27:S27) -> 183.3566 | U27: =STDEV(Q27:S27) -> 0.085866707 | V27: =U27/T27*100 -> 0.046830444 | W27: =(T27-P27)/P27*100 -> #DIV/0!
C28: CS 02-02 | E28: 183.77467 | F28: 182.80935 | G28: 183.99482 | H28: =AVERAGE(E28:G28) -> 183.52628 | I28: =STDEV(E28:G28) -> 0.63056331 | J28: =I28/H28*100 -> 0.34358203 | K28: =(H28-D28)/D28*100 -> #DIV/0! | O28: CS 02-02 | Q28: 184.348 | R28: 183.4402 | S28: 185.7997 | T28: =AVERAGE(Q28:S28) -> 184.5293 | U28: =STDEV(Q28:S28) -> 1.1901501 | V28: =U28/T28*100 -> 0.64496537 | W28: =(T28-P28)/P28*100 -> #DIV/0!
C29: CS 03-01 | E29: 80.613968 | F29: 80.098833 | G29: 80.398778 | H29: =AVERAGE(E29:G29) -> 80.370527 | I29: =STDEV(E29:G29) -> 0.25872687 | J29: =I29/H29*100 -> 0.3219176 | K29: =(H29-D29)/D29*100 -> #DIV/0! | O29: CS 03-01 | Q29: 78.23219 | R29: 78.76073 | S29: 79.199808 | T29: =AVERAGE(Q29:S29) -> 78.730909 | U29: =STDEV(Q29:S29) -> 0.48449779 | V29: =U29/T29*100 -> 0.61538447 | W29: =(T29-P29)/P29*100 -> #DIV/0!
C30: CS 03-02 | E30: 79.198448 | F30: 79.333836 | G30: 79.86383 | H30: =AVERAGE(E30:G30) -> 79.465371 | I30: =STDEV(E30:G30) -> 0.35165275 | J30: =I30/H30*100 -> 0.44252326 | K30: =(H30-D30)/D30*100 -> #DIV/0! | O30: CS 03-02 | Q30: 79.444594 | R30: 79.334824 | S30: 79.823847 | T30: =AVERAGE(Q30:S30) -> 79.534422 | U30: =STDEV(Q30:S30) -> 0.25658857 | V30: =U30/T30*100 -> 0.32261323 | W30: =(T30-P30)/P30*100 -> #DIV/0!

Sheet 제출결과_선택검토
B1: CRMLN 제출 결과 선택 검토 (2026-07 회차)
B2: KDCA NMRL(Lab 509) · [2026-07_결과정리] 시트 양식 기준 · 채택 2반복 = 노란색 표시
AK3: 드롭다운 소스(대시보드 ③ 선택 옵션과 동일)
B4: 선택 옵션 | C4: HDL 높은값 우선 (상위 2개 채택) | AJ4: 정밀도 기준 (권장) | AK4: 종합 (BF+HDL 상대편차) · 균형 [기본]
B5: 옵션 설명 | C5: =IF($C$8="ALL","제외 없이 R1·R2·R3 전체 평균을 사용합니다(선택 미적용·비교 참고용).",IF($C$8="MAN","부록 ⑤ 표의 S열에 검체·Day별로 제외할 replicate(R1/R2/R3)를 직접 지정합니다.",IF($C$8="PAIR","BF·HDL·LDL 상대간격의 합이 가장 작은 2개(가장 근접한 쌍)를 채택합니다.",IF(LEFT($C$8,3)="DIR","방향성 what-if: "&$C$4&" — 정밀도가 아닌 값의 크기로 2개를 채택하므로 민감도 확인 전용입니다.","median 대비 상대편차(%)를 "&IF($C$4=$AK$4,"BF+HDL 합산",IF($C$4=$AK$5,"LDL",IF($C$4=$AK$6,"BF",IF($C$4=$AK$7,"HDL","BF+HDL+LDL 합산"))))&" 기준으로 계산해 편차가 가장 큰 replicate 1개를 제외합니다(BF·HDL·LDL 동일 R index 잠금).")))) -> 방향성 what-if: HDL 높은값 우선 (상위 2개 채택) — 정밀도가 아닌 값의 크기로 2개를 채택하므로 민감도 확인 전용입니다. | AK5: LDL 결과 우선 (LDL 편차 최소)
B6: 편차 가중치 | C6: =IF(OR($C$4=$AK$4,$C$4=$AK$6,$C$4=$AK$8),1,0) -> 0 | D6: =IF(OR($C$4=$AK$4,$C$4=$AK$7,$C$4=$AK$8),1,0) -> 0 | E6: =IF(OR($C$4=$AK$5,$C$4=$AK$8),1,0) -> 0 | F6: ← BF / HDL / LDL 가중치 (옵션에 따라 자동) | AK6: BF(하부분획) 우선
B7: 참고 | C7: 옵션을 바꾸면 아래 표의 채택 셀(노란색)·평균·판정이 즉시 재계산됩니다. QC·Control은 선택 대상이 아니며 3반복 전체를 사용합니다. | AK7: HDL 우선
B8: 적용 로직 | C8: =IF($C$4=$AK$9,"PAIR",IF($C$4=$AK$10,"DIR_HDL_HI",IF($C$4=$AK$11,"DIR_HDL_LO",IF($C$4=$AK$12,"DIR_BF_HI",IF($C$4=$AK$13,"DIR_BF_LO",IF($C$4=$AK$14,"ALL",IF($C$4=$AK$15,"MAN","SCORE"))))))) -> DIR_HDL_HI | D8: =IF($C$8="SCORE","median 대비 가중 상대편차 최대 replicate 1개 제외",IF($C$8="PAIR","잔여 2개의 상대간격 합이 최소가 되도록 1개 제외",IF($C$8="ALL","제외 없음(3반복 평균)",IF($C$8="MAN","부록 ⑤ S열 직접 입력","해당 항목 값의 크기 순으로 상위/하위 2개 채택")))) -> 해당 항목 값의 크기 순으로 상위/하위 2개 채택 | AK8: 3항목 종합 (BF+HDL+LDL)
C9: =IF(LEFT($C$8,3)="DIR","⚠ 방향성 옵션은 결과를 유리하게 만드는 선택이 아니며 민감도 분석 전용입니다. 제출은 정밀도 기준 옵션을 사용하세요.","") -> ⚠ 방향성 옵션은 결과를 유리하게 만드는 선택이 아니며 민감도 분석 전용입니다. 제출은 정밀도 기준 옵션을 사용하세요. | AK9: 최소분산 쌍 (가장 근접 2개 채택)
B10: ① 검체·Day별 선택 결과 (결과정리 시트 양식 · 채택 2반복 = 노란색) | AJ10: 방향성 (민감도·what-if) | AK10: HDL 높은값 우선 (상위 2개 채택)
AK11: HDL 낮은값 우선 (하위 2개 채택)
B12: ='2026-07_결과정리'!B2 -> DAY 1 | D12: ='2026-07_결과정리'!D2 -> STANDARD 제조일: 2025-10-22 | H12: ='2026-07_결과정리'!H2 -> * 실험일 : 2026-06-18 *실험담당 : 이현애 | R12: ='2026-07_결과정리'!N2 -> DAY 2 | T12: ='2026-07_결과정리'!P2 -> STANDARD 제조일: 2025-10-22 | X12: ='2026-07_결과정리'!T2 -> * 실험일 : 2026-06-24 *실험담당 : 이현애 | AK12: BF 높은값 우선 (상위 2개 채택)
H13: ='2026-07_결과정리'!H3 -> * Abs 측정장비 :Shimadzu UV-2700 | X13: ='2026-07_결과정리'!T3 -> * Abs 측정장비 :Shimadzu UV-2700 | AK13: BF 낮은값 우선 (하위 2개 채택)
B14: 구분 | C14: 검체 | D14: A.value | E14: R1 | F14: R2 | G14: R3 | H14: mean(채택) | I14: stdev | J14: cv | K14: bias(%) | L14: bias(mg/dl) | M14: 기본(종합) 채택 | N14: Δ 평균 (옵션−기본) | O14: 기본 CV% | P14: Δ CV%p (옵션−기본) | R14: 구분 | S14: 검체 | T14: A.value | U14: R1 | V14: R2 | W14: R3 | X14: mean(채택) | Y14: stdev | Z14: cv | AA14: bias(%) | AB14: bias(mg/dl) | AC14: 기본(종합) 채택 | AD14: Δ 평균 (옵션−기본) | AE14: 기본 CV% | AF14: Δ CV%p (옵션−기본) | AJ14: 기타(검토용) | AK14: 3반복 전체 (참고·선택 미적용) | AM14: 검체idx | AN14: D1 제외idx | AO14: D2 제외idx | AP14: D1 기본idx | AQ14: D2 기본idx
B15: =IF('2026-07_결과정리'!B5="","",'2026-07_결과정리'!B5) -> QC | C15: =IF('2026-07_결과정리'!C5="","",'2026-07_결과정리'!C5) -> NIST1 | D15: =IF('2026-07_결과정리'!D5="","",'2026-07_결과정리'!D5) -> 154.6 | E15: =IF('2026-07_결과정리'!E5="","",'2026-07_결과정리'!E5) -> 154.45129 | F15: =IF('2026-07_결과정리'!F5="","",'2026-07_결과정리'!F5) -> 154.45129 | G15: =IF('2026-07_결과정리'!G5="","",'2026-07_결과정리'!G5) -> 155.66208 | H15: {=IF($E15="","",IF($AN15=0,AVERAGE($E15:$G15),(SUM($E15:$G15)-INDEX($E15:$G15,$AN15))/2))} -> 154.85489 | I15: =IF($E15="","",IF($AN15=0,STDEV($E15:$G15),ABS(CHOOSE($AN15,$F15-$G15,$E15-$G15,$E15-$F15))/SQRT(2))) -> 0.69904821 | J15: =IF($H15="","",$I15/$H15*100) -> 0.45142146 | K15: =IF(OR($H15="",$D15=""),"",($H15-$D15)/$D15*100) -> 0.16486999 | M15: {=IF(OR($E15="",$AM15=0),"",(SUM($E15:$G15)-INDEX($E15:$G15,$AP15))/2)} | N15: =IF($M15="","",$H15-$M15) | O15: =IF($M15="","",ABS(CHOOSE($AP15,$F15-$G15,$E15-$G15,$E15-$F15))/SQRT(2)/$M15*100) | P15: =IF($O15="","",ROUND($J15-$O15,3)) | R15: =IF('2026-07_결과정리'!N5="","",'2026-07_결과정리'!N5) -> QC | S15: =IF('2026-07_결과정리'!O5="","",'2026-07_결과정리'!O5) -> NIST2 | T15: =IF('2026-07_결과정리'!P5="","",'2026-07_결과정리'!P5) -> 244.8 | U15: =IF('2026-07_결과정리'!Q5="","",'2026-07_결과정리'!Q5) -> 244.92591 | V15: =IF('2026-07_결과정리'!R5="","",'2026-07_결과정리'!R5) -> 245.85895 | W15: =IF('2026-07_결과정리'!S5="","",'2026-07_결과정리'!S5) -> 245.80406 | X15: {=IF($U15="","",IF($AO15=0,AVERAGE($U15:$W15),(SUM($U15:$W15)-INDEX($U15:$W15,$AO15))/2))} -> 245.52964 | Y15: =IF($U15="","",IF($AO15=0,STDEV($U15:$W15),ABS(CHOOSE($AO15,$V15-$W15,$U15-$W15,$U15-$V15))/SQRT(2))) -> 0.52356707 | Z15: =IF($X15="","",$Y15/$X15*100) -> 0.21323987 | AA15: =IF(OR($X15="",$T15=""),"",($X15-$T15)/$T15*100) -> 0.29805464 | AC15: {=IF(OR($U15="",$AM15=0),"",(SUM($U15:$W15)-INDEX($U15:$W15,$AQ15))/2)} | AD15: =IF($AC15="","",$X15-$AC15) | AE15: =IF($AC15="","",ABS(CHOOSE($AQ15,$V15-$W15,$U15-$W15,$U15-$V15))/SQRT(2)/$AC15*100) | AF15: =IF($AE15="","",ROUND($Z15-$AE15,3)) | AK15: 수동 지정 (직접 입력) | AM15: 0 | AN15: {=IF($AM15=0,0,INDEX($U$72:$U$83,2*$AM15-1))} -> 0 | AO15: {=IF($AM15=0,0,INDEX($U$72:$U$83,2*$AM15))} -> 0 | AP15: {=IF($AM15=0,0,INDEX($AY$72:$AY$83,2*$AM15-1))} -> 0 | AQ15: {=IF($AM15=0,0,INDEX($AY$72:$AY$83,2*$AM15))} -> 0
B16: =IF('2026-07_결과정리'!B6="","",'2026-07_결과정리'!B6) | C16: =IF('2026-07_결과정리'!C6="","",'2026-07_결과정리'!C6) | D16: =IF('2026-07_결과정리'!D6="","",'2026-07_결과정리'!D6) | E16: =IF('2026-07_결과정리'!E6="","",'2026-07_결과정리'!E6) | F16: =IF('2026-07_결과정리'!F6="","",'2026-07_결과정리'!F6) | G16: =IF('2026-07_결과정리'!G6="","",'2026-07_결과정리'!G6) | H16: {=IF($E16="","",IF($AN16=0,AVERAGE($E16:$G16),(SUM($E16:$G16)-INDEX($E16:$G16,$AN16))/2))} | I16: =IF($E16="","",IF($AN16=0,STDEV($E16:$G16),ABS(CHOOSE($AN16,$F16-$G16,$E16-$G16,$E16-$F16))/SQRT(2))) | J16: =IF($H16="","",$I16/$H16*100) | K16: =IF(OR($H16="",$D16=""),"",($H16-$D16)/$D16*100) | L16: =IF(OR($H16="",$D16=""),"",$H16-$D16) | M16: {=IF(OR($E16="",$AM16=0),"",(SUM($E16:$G16)-INDEX($E16:$G16,$AP16))/2)} | N16: =IF($M16="","",$H16-$M16) | O16: =IF($M16="","",ABS(CHOOSE($AP16,$F16-$G16,$E16-$G16,$E16-$F16))/SQRT(2)/$M16*100) | P16: =IF($O16="","",ROUND($J16-$O16,3)) | R16: =IF('2026-07_결과정리'!N6="","",'2026-07_결과정리'!N6) | S16: =IF('2026-07_결과정리'!O6="","",'2026-07_결과정리'!O6) | T16: =IF('2026-07_결과정리'!P6="","",'2026-07_결과정리'!P6) | U16: =IF('2026-07_결과정리'!Q6="","",'2026-07_결과정리'!Q6) | V16: =IF('2026-07_결과정리'!R6="","",'2026-07_결과정리'!R6) | W16: =IF('2026-07_결과정리'!S6="","",'2026-07_결과정리'!S6) | X16: {=IF($U16="","",IF($AO16=0,AVERAGE($U16:$W16),(SUM($U16:$W16)-INDEX($U16:$W16,$AO16))/2))} | Y16: =IF($U16="","",IF($AO16=0,STDEV($U16:$W16),ABS(CHOOSE($AO16,$V16-$W16,$U16-$W16,$U16-$V16))/SQRT(2))) | Z16: =IF($X16="","",$Y16/$X16*100) | AA16: =IF(OR($X16="",$T16=""),"",($X16-$T16)/$T16*100) | AB16: =IF(OR($X16="",$T16=""),"",$X16-$T16) | AC16: {=IF(OR($U16="",$AM16=0),"",(SUM($U16:$W16)-INDEX($U16:$W16,$AQ16))/2)} | AD16: =IF($AC16="","",$X16-$AC16) | AE16: =IF($AC16="","",ABS(CHOOSE($AQ16,$V16-$W16,$U16-$W16,$U16-$V16))/SQRT(2)/$AC16*100) | AF16: =IF($AE16="","",ROUND($Z16-$AE16,3)) | AM16: 0 | AN16: {=IF($AM16=0,0,INDEX($U$72:$U$83,2*$AM16-1))} -> 0 | AO16: {=IF($AM16=0,0,INDEX($U$72:$U$83,2*$AM16))} -> 0 | AP16: {=IF($AM16=0,0,INDEX($AY$72:$AY$83,2*$AM16-1))} -> 0 | AQ16: {=IF($AM16=0,0,INDEX($AY$72:$AY$83,2*$AM16))} -> 0
B17: =IF('2026-07_결과정리'!B7="","",'2026-07_결과정리'!B7) -> BF Control | C17: =IF('2026-07_결과정리'!C7="","",'2026-07_결과정리'!C7) -> CFS 21-01 | D17: =IF('2026-07_결과정리'!D7="","",'2026-07_결과정리'!D7) -> 169.55748 | E17: =IF('2026-07_결과정리'!E7="","",'2026-07_결과정리'!E7) -> 168.76059 | F17: =IF('2026-07_결과정리'!F7="","",'2026-07_결과정리'!F7) -> 171.01706 | G17: =IF('2026-07_결과정리'!G7="","",'2026-07_결과정리'!G7) -> 170.68685 | H17: {=IF($E17="","",IF($AN17=0,AVERAGE($E17:$G17),(SUM($E17:$G17)-INDEX($E17:$G17,$AN17))/2))} -> 170.15483 | I17: =IF($E17="","",IF($AN17=0,STDEV($E17:$G17),ABS(CHOOSE($AN17,$F17-$G17,$E17-$G17,$E17-$F17))/SQRT(2))) -> 1.2186831 | J17: =IF($H17="","",$I17/$H17*100) -> 0.71622008 | K17: =IF(OR($H17="",$D17=""),"",($H17-$D17)/$D17*100) -> 0.35230167 | L17: =IF(OR($H17="",$D17=""),"",$H17-$D17) -> 0.59735383 | M17: {=IF(OR($E17="",$AM17=0),"",(SUM($E17:$G17)-INDEX($E17:$G17,$AP17))/2)} | N17: =IF($M17="","",$H17-$M17) | O17: =IF($M17="","",ABS(CHOOSE($AP17,$F17-$G17,$E17-$G17,$E17-$F17))/SQRT(2)/$M17*100) | P17: =IF($O17="","",ROUND($J17-$O17,3)) | R17: =IF('2026-07_결과정리'!N7="","",'2026-07_결과정리'!N7) -> BF Control | S17: =IF('2026-07_결과정리'!O7="","",'2026-07_결과정리'!O7) -> CFS 21-01 | T17: =IF('2026-07_결과정리'!P7="","",'2026-07_결과정리'!P7) -> 169.55748 | U17: =IF('2026-07_결과정리'!Q7="","",'2026-07_결과정리'!Q7) -> 170.118 | V17: =IF('2026-07_결과정리'!R7="","",'2026-07_결과정리'!R7) -> 171.9292 | W17: =IF('2026-07_결과정리'!S7="","",'2026-07_결과정리'!S7) -> 170.77662 | X17: {=IF($U17="","",IF($AO17=0,AVERAGE($U17:$W17),(SUM($U17:$W17)-INDEX($U17:$W17,$AO17))/2))} -> 170.94127 | Y17: =IF($U17="","",IF($AO17=0,STDEV($U17:$W17),ABS(CHOOSE($AO17,$V17-$W17,$U17-$W17,$U17-$V17))/SQRT(2))) -> 0.91675593 | Z17: =IF($X17="","",$Y17/$X17*100) -> 0.53629876 | AA17: =IF(OR($X17="",$T17=""),"",($X17-$T17)/$T17*100) -> 0.8161204 | AB17: =IF(OR($X17="",$T17=""),"",$X17-$T17) -> 1.3837932 | AC17: {=IF(OR($U17="",$AM17=0),"",(SUM($U17:$W17)-INDEX($U17:$W17,$AQ17))/2)} | AD17: =IF($AC17="","",$X17-$AC17) | AE17: =IF($AC17="","",ABS(CHOOSE($AQ17,$V17-$W17,$U17-$W17,$U17-$V17))/SQRT(2)/$AC17*100) | AF17: =IF($AE17="","",ROUND($Z17-$AE17,3)) | AM17: 0 | AN17: {=IF($AM17=0,0,INDEX($U$72:$U$83,2*$AM17-1))} -> 0 | AO17: {=IF($AM17=0,0,INDEX($U$72:$U$83,2*$AM17))} -> 0 | AP17: {=IF($AM17=0,0,INDEX($AY$72:$AY$83,2*$AM17-1))} -> 0 | AQ17: {=IF($AM17=0,0,INDEX($AY$72:$AY$83,2*$AM17))} -> 0
B18: =IF('2026-07_결과정리'!B8="","",'2026-07_결과정리'!B8) | C18: =IF('2026-07_결과정리'!C8="","",'2026-07_결과정리'!C8) -> Q2 | D18: =IF('2026-07_결과정리'!D8="","",'2026-07_결과정리'!D8) -> 196.2 | E18: =IF('2026-07_결과정리'!E8="","",'2026-07_결과정리'!E8) -> 198.75509 | F18: =IF('2026-07_결과정리'!F8="","",'2026-07_결과정리'!F8) -> 198.75509 | G18: =IF('2026-07_결과정리'!G8="","",'2026-07_결과정리'!G8) -> 198.53495 | H18: {=IF($E18="","",IF($AN18=0,AVERAGE($E18:$G18),(SUM($E18:$G18)-INDEX($E18:$G18,$AN18))/2))} -> 198.68171 | I18: =IF($E18="","",IF($AN18=0,STDEV($E18:$G18),ABS(CHOOSE($AN18,$F18-$G18,$E18-$G18,$E18-$F18))/SQRT(2))) -> 0.12709967 | J18: =IF($H18="","",$I18/$H18*100) -> 0.063971502 | K18: =IF(OR($H18="",$D18=""),"",($H18-$D18)/$D18*100) -> 1.2648878 | L18: =IF(OR($H18="",$D18=""),"",$H18-$D18) -> 2.4817098 | M18: {=IF(OR($E18="",$AM18=0),"",(SUM($E18:$G18)-INDEX($E18:$G18,$AP18))/2)} | N18: =IF($M18="","",$H18-$M18) | O18: =IF($M18="","",ABS(CHOOSE($AP18,$F18-$G18,$E18-$G18,$E18-$F18))/SQRT(2)/$M18*100) | P18: =IF($O18="","",ROUND($J18-$O18,3)) | R18: =IF('2026-07_결과정리'!N8="","",'2026-07_결과정리'!N8) | S18: =IF('2026-07_결과정리'!O8="","",'2026-07_결과정리'!O8) | T18: =IF('2026-07_결과정리'!P8="","",'2026-07_결과정리'!P8) | U18: =IF('2026-07_결과정리'!Q8="","",'2026-07_결과정리'!Q8) | V18: =IF('2026-07_결과정리'!R8="","",'2026-07_결과정리'!R8) | W18: =IF('2026-07_결과정리'!S8="","",'2026-07_결과정리'!S8) | X18: {=IF($U18="","",IF($AO18=0,AVERAGE($U18:$W18),(SUM($U18:$W18)-INDEX($U18:$W18,$AO18))/2))} | Y18: =IF($U18="","",IF($AO18=0,STDEV($U18:$W18),ABS(CHOOSE($AO18,$V18-$W18,$U18-$W18,$U18-$V18))/SQRT(2))) | Z18: =IF($X18="","",$Y18/$X18*100) | AA18: =IF(OR($X18="",$T18=""),"",($X18-$T18)/$T18*100) | AB18: =IF(OR($X18="",$T18=""),"",$X18-$T18) | AC18: {=IF(OR($U18="",$AM18=0),"",(SUM($U18:$W18)-INDEX($U18:$W18,$AQ18))/2)} | AD18: =IF($AC18="","",$X18-$AC18) | AE18: =IF($AC18="","",ABS(CHOOSE($AQ18,$V18-$W18,$U18-$W18,$U18-$V18))/SQRT(2)/$AC18*100) | AF18: =IF($AE18="","",ROUND($Z18-$AE18,3)) | AM18: 0 | AN18: {=IF($AM18=0,0,INDEX($U$72:$U$83,2*$AM18-1))} -> 0 | AO18: {=IF($AM18=0,0,INDEX($U$72:$U$83,2*$AM18))} -> 0 | AP18: {=IF($AM18=0,0,INDEX($AY$72:$AY$83,2*$AM18-1))} -> 0 | AQ18: {=IF($AM18=0,0,INDEX($AY$72:$AY$83,2*$AM18))} -> 0
B19: =IF('2026-07_결과정리'!B9="","",'2026-07_결과정리'!B9) -> BF Sample | C19: =IF('2026-07_결과정리'!C9="","",'2026-07_결과정리'!C9) -> CS 01-01 | D19: =IF('2026-07_결과정리'!D9="","",'2026-07_결과정리'!D9) | E19: =IF('2026-07_결과정리'!E9="","",'2026-07_결과정리'!E9) -> 159.67969 | F19: =IF('2026-07_결과정리'!F9="","",'2026-07_결과정리'!F9) -> 160.17501 | G19: =IF('2026-07_결과정리'!G9="","",'2026-07_결과정리'!G9) -> 159.40451 | H19: {=IF($E19="","",IF($AN19=0,AVERAGE($E19:$G19),(SUM($E19:$G19)-INDEX($E19:$G19,$AN19))/2))} -> 159.78976 | I19: =IF($E19="","",IF($AN19=0,STDEV($E19:$G19),ABS(CHOOSE($AN19,$F19-$G19,$E19-$G19,$E19-$F19))/SQRT(2))) -> 0.54482636 | J19: =IF($H19="","",$I19/$H19*100) -> 0.34096449 | K19: =IF(OR($H19="",$D19=""),"",($H19-$D19)/$D19*100) | L19: =IF(OR($H19="",$D19=""),"",$H19-$D19) | M19: {=IF(OR($E19="",$AM19=0),"",(SUM($E19:$G19)-INDEX($E19:$G19,$AP19))/2)} -> 159.92735 | N19: =IF($M19="","",$H19-$M19) -> -0.13758943 | O19: =IF($M19="","",ABS(CHOOSE($AP19,$F19-$G19,$E19-$G19,$E19-$F19))/SQRT(2)/$M19*100) -> 0.21900288 | P19: =IF($O19="","",ROUND($J19-$O19,3)) -> 0.122 | R19: =IF('2026-07_결과정리'!N9="","",'2026-07_결과정리'!N9) -> BF Sample | S19: =IF('2026-07_결과정리'!O9="","",'2026-07_결과정리'!O9) -> CS 01-01 | T19: =IF('2026-07_결과정리'!P9="","",'2026-07_결과정리'!P9) | U19: =IF('2026-07_결과정리'!Q9="","",'2026-07_결과정리'!Q9) -> 160.4034 | V19: =IF('2026-07_결과정리'!R9="","",'2026-07_결과정리'!R9) -> 160.73271 | W19: =IF('2026-07_결과정리'!S9="","",'2026-07_결과정리'!S9) -> 160.56806 | X19: {=IF($U19="","",IF($AO19=0,AVERAGE($U19:$W19),(SUM($U19:$W19)-INDEX($U19:$W19,$AO19))/2))} -> 160.48573 | Y19: =IF($U19="","",IF($AO19=0,STDEV($U19:$W19),ABS(CHOOSE($AO19,$V19-$W19,$U19-$W19,$U19-$V19))/SQRT(2))) -> 0.11642812 | Z19: =IF($X19="","",$Y19/$X19*100) -> 0.072547335 | AA19: =IF(OR($X19="",$T19=""),"",($X19-$T19)/$T19*100) | AB19: =IF(OR($X19="",$T19=""),"",$X19-$T19) | AC19: {=IF(OR($U19="",$AM19=0),"",(SUM($U19:$W19)-INDEX($U19:$W19,$AQ19))/2)} -> 160.48573 | AD19: =IF($AC19="","",$X19-$AC19) -> 0 | AE19: =IF($AC19="","",ABS(CHOOSE($AQ19,$V19-$W19,$U19-$W19,$U19-$V19))/SQRT(2)/$AC19*100) -> 0.072547335 | AF19: =IF($AE19="","",ROUND($Z19-$AE19,3)) -> 0 | AM19: 1 | AN19: {=IF($AM19=0,0,INDEX($U$72:$U$83,2*$AM19-1))} -> 1 | AO19: {=IF($AM19=0,0,INDEX($U$72:$U$83,2*$AM19))} -> 2 | AP19: {=IF($AM19=0,0,INDEX($AY$72:$AY$83,2*$AM19-1))} -> 3 | AQ19: {=IF($AM19=0,0,INDEX($AY$72:$AY$83,2*$AM19))} -> 2
B20: =IF('2026-07_결과정리'!B10="","",'2026-07_결과정리'!B10) | C20: =IF('2026-07_결과정리'!C10="","",'2026-07_결과정리'!C10) -> CS 01-02 | D20: =IF('2026-07_결과정리'!D10="","",'2026-07_결과정리'!D10) | E20: =IF('2026-07_결과정리'!E10="","",'2026-07_결과정리'!E10) -> 159.78976 | F20: =IF('2026-07_결과정리'!F10="","",'2026-07_결과정리'!F10) -> 160.34012 | G20: =IF('2026-07_결과정리'!G10="","",'2026-07_결과정리'!G10) -> 160.00991 | H20: {=IF($E20="","",IF($AN20=0,AVERAGE($E20:$G20),(SUM($E20:$G20)-INDEX($E20:$G20,$AN20))/2))} -> 160.17501 | I20: =IF($E20="","",IF($AN20=0,STDEV($E20:$G20),ABS(CHOOSE($AN20,$F20-$G20,$E20-$G20,$E20-$F20))/SQRT(2))) -> 0.23349701 | J20: =IF($H20="","",$I20/$H20*100) -> 0.14577618 | K20: =IF(OR($H20="",$D20=""),"",($H20-$D20)/$D20*100) | L20: =IF(OR($H20="",$D20=""),"",$H20-$D20) | M20: {=IF(OR($E20="",$AM20=0),"",(SUM($E20:$G20)-INDEX($E20:$G20,$AP20))/2)} -> 160.17501 | N20: =IF($M20="","",$H20-$M20) -> 0 | O20: =IF($M20="","",ABS(CHOOSE($AP20,$F20-$G20,$E20-$G20,$E20-$F20))/SQRT(2)/$M20*100) -> 0.14577618 | P20: =IF($O20="","",ROUND($J20-$O20,3)) -> 0 | R20: =IF('2026-07_결과정리'!N10="","",'2026-07_결과정리'!N10) | S20: =IF('2026-07_결과정리'!O10="","",'2026-07_결과정리'!O10) -> CS 01-02 | T20: =IF('2026-07_결과정리'!P10="","",'2026-07_결과정리'!P10) | U20: =IF('2026-07_결과정리'!Q10="","",'2026-07_결과정리'!Q10) -> 161.17179 | V20: =IF('2026-07_결과정리'!R10="","",'2026-07_결과정리'!R10) -> 160.7876 | W20: =IF('2026-07_결과정리'!S10="","",'2026-07_결과정리'!S10) -> 159.74479 | X20: {=IF($U20="","",IF($AO20=0,AVERAGE($U20:$W20),(SUM($U20:$W20)-INDEX($U20:$W20,$AO20))/2))} -> 160.26619 | Y20: =IF($U20="","",IF($AO20=0,STDEV($U20:$W20),ABS(CHOOSE($AO20,$V20-$W20,$U20-$W20,$U20-$V20))/SQRT(2))) -> 0.73737809 | Z20: =IF($X20="","",$Y20/$X20*100) -> 0.46009585 | AA20: =IF(OR($X20="",$T20=""),"",($X20-$T20)/$T20*100) | AB20: =IF(OR($X20="",$T20=""),"",$X20-$T20) | AC20: {=IF(OR($U20="",$AM20=0),"",(SUM($U20:$W20)-INDEX($U20:$W20,$AQ20))/2)} -> 160.97969 | AD20: =IF($AC20="","",$X20-$AC20) -> -0.71350165 | AE20: =IF($AC20="","",ABS(CHOOSE($AQ20,$V20-$W20,$U20-$W20,$U20-$V20))/SQRT(2)/$AC20*100) -> 0.16875769 | AF20: =IF($AE20="","",ROUND($Z20-$AE20,3)) -> 0.291 | AM20: 2 | AN20: {=IF($AM20=0,0,INDEX($U$72:$U$83,2*$AM20-1))} -> 1 | AO20: {=IF($AM20=0,0,INDEX($U$72:$U$83,2*$AM20))} -> 1 | AP20: {=IF($AM20=0,0,INDEX($AY$72:$AY$83,2*$AM20-1))} -> 1 | AQ20: {=IF($AM20=0,0,INDEX($AY$72:$AY$83,2*$AM20))} -> 3
B21: =IF('2026-07_결과정리'!B11="","",'2026-07_결과정리'!B11) | C21: =IF('2026-07_결과정리'!C11="","",'2026-07_결과정리'!C11) -> CS 02-01 | D21: =IF('2026-07_결과정리'!D11="","",'2026-07_결과정리'!D11) | E21: =IF('2026-07_결과정리'!E11="","",'2026-07_결과정리'!E11) -> 239.81178 | F21: =IF('2026-07_결과정리'!F11="","",'2026-07_결과정리'!F11) -> 240.85746 | G21: =IF('2026-07_결과정리'!G11="","",'2026-07_결과정리'!G11) -> 239.81178 | H21: {=IF($E21="","",IF($AN21=0,AVERAGE($E21:$G21),(SUM($E21:$G21)-INDEX($E21:$G21,$AN21))/2))} -> 240.33462 | I21: =IF($E21="","",IF($AN21=0,STDEV($E21:$G21),ABS(CHOOSE($AN21,$F21-$G21,$E21-$G21,$E21-$F21))/SQRT(2))) -> 0.7394072 | J21: =IF($H21="","",$I21/$H21*100) -> 0.30765739 | K21: =IF(OR($H21="",$D21=""),"",($H21-$D21)/$D21*100) | L21: =IF(OR($H21="",$D21=""),"",$H21-$D21) | M21: {=IF(OR($E21="",$AM21=0),"",(SUM($E21:$G21)-INDEX($E21:$G21,$AP21))/2)} -> 240.33462 | N21: =IF($M21="","",$H21-$M21) -> 0 | O21: =IF($M21="","",ABS(CHOOSE($AP21,$F21-$G21,$E21-$G21,$E21-$F21))/SQRT(2)/$M21*100) -> 0.30765739 | P21: =IF($O21="","",ROUND($J21-$O21,3)) -> 0 | R21: =IF('2026-07_결과정리'!N11="","",'2026-07_결과정리'!N11) | S21: =IF('2026-07_결과정리'!O11="","",'2026-07_결과정리'!O11) -> CS 02-01 | T21: =IF('2026-07_결과정리'!P11="","",'2026-07_결과정리'!P11) | U21: =IF('2026-07_결과정리'!Q11="","",'2026-07_결과정리'!Q11) -> 240.42536 | V21: =IF('2026-07_결과정리'!R11="","",'2026-07_결과정리'!R11) -> 240.37047 | W21: =IF('2026-07_결과정리'!S11="","",'2026-07_결과정리'!S11) -> 240.59001 | X21: {=IF($U21="","",IF($AO21=0,AVERAGE($U21:$W21),(SUM($U21:$W21)-INDEX($U21:$W21,$AO21))/2))} -> 240.50768 | Y21: =IF($U21="","",IF($AO21=0,STDEV($U21:$W21),ABS(CHOOSE($AO21,$V21-$W21,$U21-$W21,$U21-$V21))/SQRT(2))) -> 0.11642812 | Z21: =IF($X21="","",$Y21/$X21*100) -> 0.048409314 | AA21: =IF(OR($X21="",$T21=""),"",($X21-$T21)/$T21*100) | AB21: =IF(OR($X21="",$T21=""),"",$X21-$T21) | AC21: {=IF(OR($U21="",$AM21=0),"",(SUM($U21:$W21)-INDEX($U21:$W21,$AQ21))/2)} -> 240.50768 | AD21: =IF($AC21="","",$X21-$AC21) -> 0 | AE21: =IF($AC21="","",ABS(CHOOSE($AQ21,$V21-$W21,$U21-$W21,$U21-$V21))/SQRT(2)/$AC21*100) -> 0.048409314 | AF21: =IF($AE21="","",ROUND($Z21-$AE21,3)) -> 0 | AM21: 3 | AN21: {=IF($AM21=0,0,INDEX($U$72:$U$83,2*$AM21-1))} -> 3 | AO21: {=IF($AM21=0,0,INDEX($U$72:$U$83,2*$AM21))} -> 2 | AP21: {=IF($AM21=0,0,INDEX($AY$72:$AY$83,2*$AM21-1))} -> 1 | AQ21: {=IF($AM21=0,0,INDEX($AY$72:$AY$83,2*$AM21))} -> 2
B22: =IF('2026-07_결과정리'!B12="","",'2026-07_결과정리'!B12) | C22: =IF('2026-07_결과정리'!C12="","",'2026-07_결과정리'!C12) -> CS 02-02 | D22: =IF('2026-07_결과정리'!D12="","",'2026-07_결과정리'!D12) | E22: =IF('2026-07_결과정리'!E12="","",'2026-07_결과정리'!E12) -> 240.3071 | F22: =IF('2026-07_결과정리'!F12="","",'2026-07_결과정리'!F12) -> 239.70171 | G22: =IF('2026-07_결과정리'!G12="","",'2026-07_결과정리'!G12) -> 240.52724 | H22: {=IF($E22="","",IF($AN22=0,AVERAGE($E22:$G22),(SUM($E22:$G22)-INDEX($E22:$G22,$AN22))/2))} -> 240.11447 | I22: =IF($E22="","",IF($AN22=0,STDEV($E22:$G22),ABS(CHOOSE($AN22,$F22-$G22,$E22-$G22,$E22-$F22))/SQRT(2))) -> 0.58374253 | J22: =IF($H22="","",$I22/$H22*100) -> 0.2431101 | K22: =IF(OR($H22="",$D22=""),"",($H22-$D22)/$D22*100) | L22: =IF(OR($H22="",$D22=""),"",$H22-$D22) | M22: {=IF(OR($E22="",$AM22=0),"",(SUM($E22:$G22)-INDEX($E22:$G22,$AP22))/2)} -> 240.41717 | N22: =IF($M22="","",$H22-$M22) -> -0.30269675 | O22: =IF($M22="","",ABS(CHOOSE($AP22,$F22-$G22,$E22-$G22,$E22-$F22))/SQRT(2)/$M22*100) -> 0.064747735 | P22: =IF($O22="","",ROUND($J22-$O22,3)) -> 0.178 | R22: =IF('2026-07_결과정리'!N12="","",'2026-07_결과정리'!N12) | S22: =IF('2026-07_결과정리'!O12="","",'2026-07_결과정리'!O12) -> CS 02-02 | T22: =IF('2026-07_결과정리'!P12="","",'2026-07_결과정리'!P12) | U22: =IF('2026-07_결과정리'!Q12="","",'2026-07_결과정리'!Q12) -> 241.63282 | V22: =IF('2026-07_결과정리'!R12="","",'2026-07_결과정리'!R12) -> 241.08397 | W22: =IF('2026-07_결과정리'!S12="","",'2026-07_결과정리'!S12) -> 242.7854 | X22: {=IF($U22="","",IF($AO22=0,AVERAGE($U22:$W22),(SUM($U22:$W22)-INDEX($U22:$W22,$AO22))/2))} -> 241.3584 | Y22: =IF($U22="","",IF($AO22=0,STDEV($U22:$W22),ABS(CHOOSE($AO22,$V22-$W22,$U22-$W22,$U22-$V22))/SQRT(2))) -> 0.38809373 | Z22: =IF($X22="","",$Y22/$X22*100) -> 0.16079562 | AA22: =IF(OR($X22="",$T22=""),"",($X22-$T22)/$T22*100) | AB22: =IF(OR($X22="",$T22=""),"",$X22-$T22) | AC22: {=IF(OR($U22="",$AM22=0),"",(SUM($U22:$W22)-INDEX($U22:$W22,$AQ22))/2)} -> 241.3584 | AD22: =IF($AC22="","",$X22-$AC22) -> 0 | AE22: =IF($AC22="","",ABS(CHOOSE($AQ22,$V22-$W22,$U22-$W22,$U22-$V22))/SQRT(2)/$AC22*100) -> 0.16079562 | AF22: =IF($AE22="","",ROUND($Z22-$AE22,3)) -> 0 | AM22: 4 | AN22: {=IF($AM22=0,0,INDEX($U$72:$U$83,2*$AM22-1))} -> 1 | AO22: {=IF($AM22=0,0,INDEX($U$72:$U$83,2*$AM22))} -> 3 | AP22: {=IF($AM22=0,0,INDEX($AY$72:$AY$83,2*$AM22-1))} -> 2 | AQ22: {=IF($AM22=0,0,INDEX($AY$72:$AY$83,2*$AM22))} -> 3
B23: =IF('2026-07_결과정리'!B13="","",'2026-07_결과정리'!B13) | C23: =IF('2026-07_결과정리'!C13="","",'2026-07_결과정리'!C13) -> CS 03-01 | D23: =IF('2026-07_결과정리'!D13="","",'2026-07_결과정리'!D13) | E23: =IF('2026-07_결과정리'!E13="","",'2026-07_결과정리'!E13) -> 132.7672 | F23: =IF('2026-07_결과정리'!F13="","",'2026-07_결과정리'!F13) -> 132.49202 | G23: =IF('2026-07_결과정리'!G13="","",'2026-07_결과정리'!G13) -> 132.49202 | H23: {=IF($E23="","",IF($AN23=0,AVERAGE($E23:$G23),(SUM($E23:$G23)-INDEX($E23:$G23,$AN23))/2))} -> 132.62961 | I23: =IF($E23="","",IF($AN23=0,STDEV($E23:$G23),ABS(CHOOSE($AN23,$F23-$G23,$E23-$G23,$E23-$F23))/SQRT(2))) -> 0.19458084 | J23: =IF($H23="","",$I23/$H23*100) -> 0.14670996 | K23: =IF(OR($H23="",$D23=""),"",($H23-$D23)/$D23*100) | L23: =IF(OR($H23="",$D23=""),"",$H23-$D23) | M23: {=IF(OR($E23="",$AM23=0),"",(SUM($E23:$G23)-INDEX($E23:$G23,$AP23))/2)} -> 132.62961 | N23: =IF($M23="","",$H23-$M23) -> 0 | O23: =IF($M23="","",ABS(CHOOSE($AP23,$F23-$G23,$E23-$G23,$E23-$F23))/SQRT(2)/$M23*100) -> 0.14670996 | P23: =IF($O23="","",ROUND($J23-$O23,3)) -> 0 | R23: =IF('2026-07_결과정리'!N13="","",'2026-07_결과정리'!N13) | S23: =IF('2026-07_결과정리'!O13="","",'2026-07_결과정리'!O13) -> CS 03-01 | T23: =IF('2026-07_결과정리'!P13="","",'2026-07_결과정리'!P13) | U23: =IF('2026-07_결과정리'!Q13="","",'2026-07_결과정리'!Q13) -> 131.14984 | V23: =IF('2026-07_결과정리'!R13="","",'2026-07_결과정리'!R13) -> 131.2596 | W23: =IF('2026-07_결과정리'!S13="","",'2026-07_결과정리'!S13) -> 131.69868 | X23: {=IF($U23="","",IF($AO23=0,AVERAGE($U23:$W23),(SUM($U23:$W23)-INDEX($U23:$W23,$AO23))/2))} -> 131.42426 | Y23: =IF($U23="","",IF($AO23=0,STDEV($U23:$W23),ABS(CHOOSE($AO23,$V23-$W23,$U23-$W23,$U23-$V23))/SQRT(2))) -> 0.38809373 | Z23: =IF($X23="","",$Y23/$X23*100) -> 0.2952984 | AA23: =IF(OR($X23="",$T23=""),"",($X23-$T23)/$T23*100) | AB23: =IF(OR($X23="",$T23=""),"",$X23-$T23) | AC23: {=IF(OR($U23="",$AM23=0),"",(SUM($U23:$W23)-INDEX($U23:$W23,$AQ23))/2)} -> 131.47914 | AD23: =IF($AC23="","",$X23-$AC23) -> -0.054884742 | AE23: =IF($AC23="","",ABS(CHOOSE($AQ23,$V23-$W23,$U23-$W23,$U23-$V23))/SQRT(2)/$AC23*100) -> 0.2361401 | AF23: =IF($AE23="","",ROUND($Z23-$AE23,3)) -> 0.059 | AM23: 5 | AN23: {=IF($AM23=0,0,INDEX($U$72:$U$83,2*$AM23-1))} -> 3 | AO23: {=IF($AM23=0,0,INDEX($U$72:$U$83,2*$AM23))} -> 2 | AP23: {=IF($AM23=0,0,INDEX($AY$72:$AY$83,2*$AM23-1))} -> 2 | AQ23: {=IF($AM23=0,0,INDEX($AY$72:$AY$83,2*$AM23))} -> 1
B24: =IF('2026-07_결과정리'!B14="","",'2026-07_결과정리'!B14) | C24: =IF('2026-07_결과정리'!C14="","",'2026-07_결과정리'!C14) -> CS 03-02 | D24: =IF('2026-07_결과정리'!D14="","",'2026-07_결과정리'!D14) | E24: =IF('2026-07_결과정리'!E14="","",'2026-07_결과정리'!E14) -> 131.83159 | F24: =IF('2026-07_결과정리'!F14="","",'2026-07_결과정리'!F14) -> 132.32691 | G24: =IF('2026-07_결과정리'!G14="","",'2026-07_결과정리'!G14) -> 132.43698 | H24: {=IF($E24="","",IF($AN24=0,AVERAGE($E24:$G24),(SUM($E24:$G24)-INDEX($E24:$G24,$AN24))/2))} -> 132.07925 | I24: =IF($E24="","",IF($AN24=0,STDEV($E24:$G24),ABS(CHOOSE($AN24,$F24-$G24,$E24-$G24,$E24-$F24))/SQRT(2))) -> 0.35024552 | J24: =IF($H24="","",$I24/$H24*100) -> 0.2651783 | K24: =IF(OR($H24="",$D24=""),"",($H24-$D24)/$D24*100) | L24: =IF(OR($H24="",$D24=""),"",$H24-$D24) | M24: {=IF(OR($E24="",$AM24=0),"",(SUM($E24:$G24)-INDEX($E24:$G24,$AP24))/2)} -> 132.13429 | N24: =IF($M24="","",$H24-$M24) -> -0.055035773 | O24: =IF($M24="","",ABS(CHOOSE($AP24,$F24-$G24,$E24-$G24,$E24-$F24))/SQRT(2)/$M24*100) -> 0.32397182 | P24: =IF($O24="","",ROUND($J24-$O24,3)) -> -0.059 | R24: =IF('2026-07_결과정리'!N14="","",'2026-07_결과정리'!N14) | S24: =IF('2026-07_결과정리'!O14="","",'2026-07_결과정리'!O14) -> CS 03-02 | T24: =IF('2026-07_결과정리'!P14="","",'2026-07_결과정리'!P14) | U24: =IF('2026-07_결과정리'!Q14="","",'2026-07_결과정리'!Q14) -> 132.30241 | V24: =IF('2026-07_결과정리'!R14="","",'2026-07_결과정리'!R14) -> 132.19265 | W24: =IF('2026-07_결과정리'!S14="","",'2026-07_결과정리'!S14) -> 132.74149 | X24: {=IF($U24="","",IF($AO24=0,AVERAGE($U24:$W24),(SUM($U24:$W24)-INDEX($U24:$W24,$AO24))/2))} -> 132.46707 | Y24: =IF($U24="","",IF($AO24=0,STDEV($U24:$W24),ABS(CHOOSE($AO24,$V24-$W24,$U24-$W24,$U24-$V24))/SQRT(2))) -> 0.38809373 | Z24: =IF($X24="","",$Y24/$X24*100) -> 0.29297374 | AA24: =IF(OR($X24="",$T24=""),"",($X24-$T24)/$T24*100) | AB24: =IF(OR($X24="",$T24=""),"",$X24-$T24) | AC24: {=IF(OR($U24="",$AM24=0),"",(SUM($U24:$W24)-INDEX($U24:$W24,$AQ24))/2)} -> 132.24753 | AD24: =IF($AC24="","",$X24-$AC24) -> 0.21953897 | AE24: =IF($AC24="","",ABS(CHOOSE($AQ24,$V24-$W24,$U24-$W24,$U24-$V24))/SQRT(2)/$AC24*100) -> 0.05869202 | AF24: =IF($AE24="","",ROUND($Z24-$AE24,3)) -> 0.234 | AM24: 6 | AN24: {=IF($AM24=0,0,INDEX($U$72:$U$83,2*$AM24-1))} -> 3 | AO24: {=IF($AM24=0,0,INDEX($U$72:$U$83,2*$AM24))} -> 1 | AP24: {=IF($AM24=0,0,INDEX($AY$72:$AY$83,2*$AM24-1))} -> 2 | AQ24: {=IF($AM24=0,0,INDEX($AY$72:$AY$83,2*$AM24))} -> 3
B25: =IF('2026-07_결과정리'!B15="","",'2026-07_결과정리'!B15) -> HDL Control x1.09 | C25: =IF('2026-07_결과정리'!C15="","",'2026-07_결과정리'!C15) -> CFS 21-01 | D25: =IF('2026-07_결과정리'!D15="","",'2026-07_결과정리'!D15) -> 49.006709 | E25: =IF('2026-07_결과정리'!E15="","",'2026-07_결과정리'!E15) -> 48.493902 | F25: =IF('2026-07_결과정리'!F15="","",'2026-07_결과정리'!F15) -> 48.733858 | G25: =IF('2026-07_결과정리'!G15="","",'2026-07_결과정리'!G15) -> 48.553891 | H25: {=IF($E25="","",IF($AN25=0,AVERAGE($E25:$G25),(SUM($E25:$G25)-INDEX($E25:$G25,$AN25))/2))} -> 48.593884 | I25: =IF($E25="","",IF($AN25=0,STDEV($E25:$G25),ABS(CHOOSE($AN25,$F25-$G25,$E25-$G25,$E25-$F25))/SQRT(2))) -> 0.12487705 | J25: =IF($H25="","",$I25/$H25*100) -> 0.256981 | K25: =IF(OR($H25="",$D25=""),"",($H25-$D25)/$D25*100) -> -0.84238539 | L25: =IF(OR($H25="",$D25=""),"",$H25-$D25) -> -0.41282536 | M25: {=IF(OR($E25="",$AM25=0),"",(SUM($E25:$G25)-INDEX($E25:$G25,$AP25))/2)} | N25: =IF($M25="","",$H25-$M25) | O25: =IF($M25="","",ABS(CHOOSE($AP25,$F25-$G25,$E25-$G25,$E25-$F25))/SQRT(2)/$M25*100) | P25: =IF($O25="","",ROUND($J25-$O25,3)) | R25: =IF('2026-07_결과정리'!N15="","",'2026-07_결과정리'!N15) -> HDL Control x1.09 | S25: =IF('2026-07_결과정리'!O15="","",'2026-07_결과정리'!O15) -> CFS 21-01 | T25: =IF('2026-07_결과정리'!P15="","",'2026-07_결과정리'!P15) -> 49.006709 | U25: =IF('2026-07_결과정리'!Q15="","",'2026-07_결과정리'!Q15) -> 49.627305 | V25: =IF('2026-07_결과정리'!R15="","",'2026-07_결과정리'!R15) -> 49.208535 | W25: =IF('2026-07_결과정리'!S15="","",'2026-07_결과정리'!S15) -> 49.567481 | X25: {=IF($U25="","",IF($AO25=0,AVERAGE($U25:$W25),(SUM($U25:$W25)-INDEX($U25:$W25,$AO25))/2))} -> 49.467774 | Y25: =IF($U25="","",IF($AO25=0,STDEV($U25:$W25),ABS(CHOOSE($AO25,$V25-$W25,$U25-$W25,$U25-$V25))/SQRT(2))) -> 0.2264914 | Z25: =IF($X25="","",$Y25/$X25*100) -> 0.45785648 | AA25: =IF(OR($X25="",$T25=""),"",($X25-$T25)/$T25*100) -> 0.94081906 | AB25: =IF(OR($X25="",$T25=""),"",$X25-$T25) -> 0.46106446 | AC25: {=IF(OR($U25="",$AM25=0),"",(SUM($U25:$W25)-INDEX($U25:$W25,$AQ25))/2)} | AD25: =IF($AC25="","",$X25-$AC25) | AE25: =IF($AC25="","",ABS(CHOOSE($AQ25,$V25-$W25,$U25-$W25,$U25-$V25))/SQRT(2)/$AC25*100) | AF25: =IF($AE25="","",ROUND($Z25-$AE25,3)) | AM25: 0 | AN25: {=IF($AM25=0,0,INDEX($U$72:$U$83,2*$AM25-1))} -> 0 | AO25: {=IF($AM25=0,0,INDEX($U$72:$U$83,2*$AM25))} -> 0 | AP25: {=IF($AM25=0,0,INDEX($AY$72:$AY$83,2*$AM25-1))} -> 0 | AQ25: {=IF($AM25=0,0,INDEX($AY$72:$AY$83,2*$AM25))} -> 0
B26: =IF('2026-07_결과정리'!B16="","",'2026-07_결과정리'!B16) | C26: =IF('2026-07_결과정리'!C16="","",'2026-07_결과정리'!C16) -> Q2 | D26: =IF('2026-07_결과정리'!D16="","",'2026-07_결과정리'!D16) -> 58.3 | E26: =IF('2026-07_결과정리'!E16="","",'2026-07_결과정리'!E16) -> 57.912174 | F26: =IF('2026-07_결과정리'!F16="","",'2026-07_결과정리'!F16) -> 57.55224 | G26: =IF('2026-07_결과정리'!G16="","",'2026-07_결과정리'!G16) -> 58.032152 | H26: {=IF($E26="","",IF($AN26=0,AVERAGE($E26:$G26),(SUM($E26:$G26)-INDEX($E26:$G26,$AN26))/2))} -> 57.832189 | I26: =IF($E26="","",IF($AN26=0,STDEV($E26:$G26),ABS(CHOOSE($AN26,$F26-$G26,$E26-$G26,$E26-$F26))/SQRT(2))) -> 0.24975409 | J26: =IF($H26="","",$I26/$H26*100) -> 0.43186001 | K26: =IF(OR($H26="",$D26=""),"",($H26-$D26)/$D26*100) -> -0.80242094 | L26: =IF(OR($H26="",$D26=""),"",$H26-$D26) -> -0.46781141 | M26: {=IF(OR($E26="",$AM26=0),"",(SUM($E26:$G26)-INDEX($E26:$G26,$AP26))/2)} | N26: =IF($M26="","",$H26-$M26) | O26: =IF($M26="","",ABS(CHOOSE($AP26,$F26-$G26,$E26-$G26,$E26-$F26))/SQRT(2)/$M26*100) | P26: =IF($O26="","",ROUND($J26-$O26,3)) | R26: =IF('2026-07_결과정리'!N16="","",'2026-07_결과정리'!N16) | S26: =IF('2026-07_결과정리'!O16="","",'2026-07_결과정리'!O16) | T26: =IF('2026-07_결과정리'!P16="","",'2026-07_결과정리'!P16) | U26: =IF('2026-07_결과정리'!Q16="","",'2026-07_결과정리'!Q16) | V26: =IF('2026-07_결과정리'!R16="","",'2026-07_결과정리'!R16) | W26: =IF('2026-07_결과정리'!S16="","",'2026-07_결과정리'!S16) | X26: {=IF($U26="","",IF($AO26=0,AVERAGE($U26:$W26),(SUM($U26:$W26)-INDEX($U26:$W26,$AO26))/2))} | Y26: =IF($U26="","",IF($AO26=0,STDEV($U26:$W26),ABS(CHOOSE($AO26,$V26-$W26,$U26-$W26,$U26-$V26))/SQRT(2))) | Z26: =IF($X26="","",$Y26/$X26*100) | AA26: =IF(OR($X26="",$T26=""),"",($X26-$T26)/$T26*100) | AB26: =IF(OR($X26="",$T26=""),"",$X26-$T26) | AC26: {=IF(OR($U26="",$AM26=0),"",(SUM($U26:$W26)-INDEX($U26:$W26,$AQ26))/2)} | AD26: =IF($AC26="","",$X26-$AC26) | AE26: =IF($AC26="","",ABS(CHOOSE($AQ26,$V26-$W26,$U26-$W26,$U26-$V26))/SQRT(2)/$AC26*100) | AF26: =IF($AE26="","",ROUND($Z26-$AE26,3)) | AM26: 0 | AN26: {=IF($AM26=0,0,INDEX($U$72:$U$83,2*$AM26-1))} -> 0 | AO26: {=IF($AM26=0,0,INDEX($U$72:$U$83,2*$AM26))} -> 0 | AP26: {=IF($AM26=0,0,INDEX($AY$72:$AY$83,2*$AM26-1))} -> 0 | AQ26: {=IF($AM26=0,0,INDEX($AY$72:$AY$83,2*$AM26))} -> 0
B27: =IF('2026-07_결과정리'!B17="","",'2026-07_결과정리'!B17) -> HDL Sample x1.09 | C27: =IF('2026-07_결과정리'!C17="","",'2026-07_결과정리'!C17) -> CS 01-01 | D27: =IF('2026-07_결과정리'!D17="","",'2026-07_결과정리'!D17) | E27: =IF('2026-07_결과정리'!E17="","",'2026-07_결과정리'!E17) -> 46.094342 | F27: =IF('2026-07_결과정리'!F17="","",'2026-07_결과정리'!F17) -> 46.21432 | G27: =IF('2026-07_결과정리'!G17="","",'2026-07_결과정리'!G17) -> 46.334298 | H27: {=IF($E27="","",IF($AN27=0,AVERAGE($E27:$G27),(SUM($E27:$G27)-INDEX($E27:$G27,$AN27))/2))} -> 46.274309 | I27: =IF($E27="","",IF($AN27=0,STDEV($E27:$G27),ABS(CHOOSE($AN27,$F27-$G27,$E27-$G27,$E27-$F27))/SQRT(2))) -> 0.084837247 | J27: =IF($H27="","",$I27/$H27*100) -> 0.18333552 | K27: =IF(OR($H27="",$D27=""),"",($H27-$D27)/$D27*100) | L27: =IF(OR($H27="",$D27=""),"",$H27-$D27) | M27: {=IF(OR($E27="",$AM27=0),"",(SUM($E27:$G27)-INDEX($E27:$G27,$AP27))/2)} -> 46.154331 | N27: =IF($M27="","",$H27-$M27) -> 0.11997799 | O27: =IF($M27="","",ABS(CHOOSE($AP27,$F27-$G27,$E27-$G27,$E27-$F27))/SQRT(2)/$M27*100) -> 0.1838121 | P27: =IF($O27="","",ROUND($J27-$O27,3)) -> 0 | R27: =IF('2026-07_결과정리'!N17="","",'2026-07_결과정리'!N17) -> HDL Sample x1.09 | S27: =IF('2026-07_결과정리'!O17="","",'2026-07_결과정리'!O17) -> CS 01-01 | T27: =IF('2026-07_결과정리'!P17="","",'2026-07_결과정리'!P17) | U27: =IF('2026-07_결과정리'!Q17="","",'2026-07_결과정리'!Q17) -> 47.174506 | V27: =IF('2026-07_결과정리'!R17="","",'2026-07_결과정리'!R17) -> 46.097667 | W27: =IF('2026-07_결과정리'!S17="","",'2026-07_결과정리'!S17) -> 46.935209 | X27: {=IF($U27="","",IF($AO27=0,AVERAGE($U27:$W27),(SUM($U27:$W27)-INDEX($U27:$W27,$AO27))/2))} -> 47.054857 | Y27: =IF($U27="","",IF($AO27=0,STDEV($U27:$W27),ABS(CHOOSE($AO27,$V27-$W27,$U27-$W27,$U27-$V27))/SQRT(2))) -> 0.16920887 | Z27: =IF($X27="","",$Y27/$X27*100) -> 0.35959915 | AA27: =IF(OR($X27="",$T27=""),"",($X27-$T27)/$T27*100) | AB27: =IF(OR($X27="",$T27=""),"",$X27-$T27) | AC27: {=IF(OR($U27="",$AM27=0),"",(SUM($U27:$W27)-INDEX($U27:$W27,$AQ27))/2)} -> 47.054857 | AD27: =IF($AC27="","",$X27-$AC27) -> 0 | AE27: =IF($AC27="","",ABS(CHOOSE($AQ27,$V27-$W27,$U27-$W27,$U27-$V27))/SQRT(2)/$AC27*100) -> 0.35959915 | AF27: =IF($AE27="","",ROUND($Z27-$AE27,3)) -> 0 | AM27: 1 | AN27: {=IF($AM27=0,0,INDEX($U$72:$U$83,2*$AM27-1))} -> 1 | AO27: {=IF($AM27=0,0,INDEX($U$72:$U$83,2*$AM27))} -> 2 | AP27: {=IF($AM27=0,0,INDEX($AY$72:$AY$83,2*$AM27-1))} -> 3 | AQ27: {=IF($AM27=0,0,INDEX($AY$72:$AY$83,2*$AM27))} -> 2
... B40: =IF('2026-07_결과정리'!B30="","",'2026-07_결과정리'!B30) | C40: =IF('2026-07_결과정리'!C30="","",'2026-07_결과정리'!C30) -> CS 03-02 | D40: =IF('2026-07_결과정리'!D30="","",'2026-07_결과정리'!D30) | E40: =IF('2026-07_결과정리'!E30="","",'2026-07_결과정리'!E30) -> 79.198448 | F40: =IF('2026-07_결과정리'!F30="","",'2026-07_결과정리'!F30) -> 79.333836 | G40: =IF('2026-07_결과정리'!G30="","",'2026-07_결과정리'!G30) -> 79.86383 | H40: {=IF($E40="","",IF($AN40=0,AVERAGE($E40:$G40),(SUM($E40:$G40)-INDEX($E40:$G40,$AN40))/2))} -> 79.266142 | I40: =IF($E40="","",IF($AN40=0,STDEV($E40:$G40),ABS(CHOOSE($AN40,$F40-$G40,$E40-$G40,$E40-$F40))/SQRT(2))) -> 0.095733774 | J40: =IF($H40="","",$I40/$H40*100) -> 0.12077512 | K40: =IF(OR($H40="",$D40=""),"",($H40-$D40)/$D40*100) | L40: =IF(OR($H40="",$D40=""),"",$H40-$D40) | M40: {=IF(OR($E40="",$AM40=0),"",(SUM($E40:$G40)-INDEX($E40:$G40,$AP40))/2)} -> 79.531139 | N40: =IF($M40="","",$H40-$M40) -> -0.26499725 | O40: =IF($M40="","",ABS(CHOOSE($AP40,$F40-$G40,$E40-$G40,$E40-$F40))/SQRT(2)/$M40*100) -> 0.59158775 | P40: =IF($O40="","",ROUND($J40-$O40,3)) -> -0.471 | R40: =IF('2026-07_결과정리'!N30="","",'2026-07_결과정리'!N30) | S40: =IF('2026-07_결과정리'!O30="","",'2026-07_결과정리'!O30) -> CS 03-02 | T40: =IF('2026-07_결과정리'!P30="","",'2026-07_결과정리'!P30) | U40: =IF('2026-07_결과정리'!Q30="","",'2026-07_결과정리'!Q30) -> 79.444594 | V40: =IF('2026-07_결과정리'!R30="","",'2026-07_결과정리'!R30) -> 79.334824 | W40: =IF('2026-07_결과정리'!S30="","",'2026-07_결과정리'!S30) -> 79.823847 | X40: {=IF($U40="","",IF($AO40=0,AVERAGE($U40:$W40),(SUM($U40:$W40)-INDEX($U40:$W40,$AO40))/2))} -> 79.579336 | Y40: =IF($U40="","",IF($AO40=0,STDEV($U40:$W40),ABS(CHOOSE($AO40,$V40-$W40,$U40-$W40,$U40-$V40))/SQRT(2))) -> 0.34579152 | Z40: =IF($X40="","",$Y40/$X40*100) -> 0.43452425 | AA40: =IF(OR($X40="",$T40=""),"",($X40-$T40)/$T40*100) | AB40: =IF(OR($X40="",$T40=""),"",$X40-$T40) | AC40: {=IF(OR($U40="",$AM40=0),"",(SUM($U40:$W40)-INDEX($U40:$W40,$AQ40))/2)} -> 79.389709 | AD40: =IF($AC40="","",$X40-$AC40) -> 0.18962678 | AE40: =IF($AC40="","",ABS(CHOOSE($AQ40,$V40-$W40,$U40-$W40,$U40-$V40))/SQRT(2)/$AC40*100) -> 0.097769279 | AF40: =IF($AE40="","",ROUND($Z40-$AE40,3)) -> 0.337 | AM40: 6 | AN40: {=IF($AM40=0,0,INDEX($U$72:$U$83,2*$AM40-1))} -> 3 | AO40: {=IF($AM40=0,0,INDEX($U$72:$U$83,2*$AM40))} -> 1 | AP40: {=IF($AM40=0,0,INDEX($AY$72:$AY$83,2*$AM40-1))} -> 2 | AQ40: {=IF($AM40=0,0,INDEX($AY$72:$AY$83,2*$AM40))} -> 3
B43: ② 제출용 요약 (채택 2반복 · Day1·Day2 평균)
B44: 검체 | D44: idx | E44: BF Day1 | F44: BF Day2 | G44: BF 제출값 | H44: HDL Day1 | I44: HDL Day2 | J44: HDL 제출값 | K44: LDL Day1 | L44: LDL Day2 | M44: LDL 제출값 | N44: Day간 LDL 차이% | O44: 재현성 판정 | P44: LDL 정합차이
B45: {=INDEX($B$72:$B$83,2*$D45-1)} -> CS 01-01 | D45: 1 | E45: {=INDEX(W$72:W$83,2*$D45-1)} -> 159.78976 | F45: {=INDEX(W$72:W$83,2*$D45)} -> 160.48573 | G45: =IFERROR(AVERAGE(E45:F45),"-") -> 160.13775 | H45: {=INDEX(X$72:X$83,2*$D45-1)} -> 46.274309 | I45: {=INDEX(X$72:X$83,2*$D45)} -> 47.054857 | J45: =IFERROR(AVERAGE(H45:I45),"-") -> 46.664583 | K45: {=INDEX(Y$72:Y$83,2*$D45-1)} -> 113.51545 | L45: {=INDEX(Y$72:Y$83,2*$D45)} -> 113.43087 | M45: =IFERROR(AVERAGE(K45:L45),"-") -> 113.47316 | N45: =IFERROR(ABS(K45-L45)/M45*100,"-") -> 0.074538662 | O45: =IFERROR(IF(N45<=$D$59,"적합","확인"),"-") -> 적합 | P45: =IFERROR(M45-(G45-J45),"-") -> -1.4210855e-14
B46: {=INDEX($B$72:$B$83,2*$D46-1)} -> CS 01-02 | D46: 2 | E46: {=INDEX(W$72:W$83,2*$D46-1)} -> 160.17501 | F46: {=INDEX(W$72:W$83,2*$D46)} -> 160.26619 | G46: =IFERROR(AVERAGE(E46:F46),"-") -> 160.2206 | H46: {=INDEX(X$72:X$83,2*$D46-1)} -> 45.884381 | I46: {=INDEX(X$72:X$83,2*$D46)} -> 46.665999 | J46: =IFERROR(AVERAGE(H46:I46),"-") -> 46.27519 | K46: {=INDEX(Y$72:Y$83,2*$D46-1)} -> 114.29063 | L46: {=INDEX(Y$72:Y$83,2*$D46)} -> 113.60019 | M46: =IFERROR(AVERAGE(K46:L46),"-") -> 113.94541 | N46: =IFERROR(ABS(K46-L46)/M46*100,"-") -> 0.60593998 | O46: =IFERROR(IF(N46<=$D$59,"적합","확인"),"-") -> 적합 | P46: =IFERROR(M46-(G46-J46),"-") -> -2.8421709e-14
B47: {=INDEX($B$72:$B$83,2*$D47-1)} -> CS 02-01 | D47: 3 | E47: {=INDEX(W$72:W$83,2*$D47-1)} -> 240.33462 | F47: {=INDEX(W$72:W$83,2*$D47)} -> 240.50768 | G47: =IFERROR(AVERAGE(E47:F47),"-") -> 240.42115 | H47: {=INDEX(X$72:X$83,2*$D47-1)} -> 56.862367 | I47: {=INDEX(X$72:X$83,2*$D47)} -> 57.165176 | J47: =IFERROR(AVERAGE(H47:I47),"-") -> 57.013771 | K47: {=INDEX(Y$72:Y$83,2*$D47-1)} -> 183.47225 | L47: {=INDEX(Y$72:Y$83,2*$D47)} -> 183.34251 | M47: =IFERROR(AVERAGE(K47:L47),"-") -> 183.40738 | N47: =IFERROR(ABS(K47-L47)/M47*100,"-") -> 0.070740191 | O47: =IFERROR(IF(N47<=$D$59,"적합","확인"),"-") -> 적합 | P47: =IFERROR(M47-(G47-J47),"-") -> 2.8421709e-14
B48: {=INDEX($B$72:$B$83,2*$D48-1)} -> CS 02-02 | D48: 4 | E48: {=INDEX(W$72:W$83,2*$D48-1)} -> 240.11447 | F48: {=INDEX(W$72:W$83,2*$D48)} -> 241.3584 | G48: =IFERROR(AVERAGE(E48:F48),"-") -> 240.73644 | H48: {=INDEX(X$72:X$83,2*$D48-1)} -> 56.712394 | I48: {=INDEX(X$72:X$83,2*$D48)} -> 57.464297 | J48: =IFERROR(AVERAGE(H48:I48),"-") -> 57.088346 | K48: {=INDEX(Y$72:Y$83,2*$D48-1)} -> 183.40208 | L48: {=INDEX(Y$72:Y$83,2*$D48)} -> 183.8941 | M48: =IFERROR(AVERAGE(K48:L48),"-") -> 183.64809 | N48: =IFERROR(ABS(K48-L48)/M48*100,"-") -> 0.26791432 | O48: =IFERROR(IF(N48<=$D$59,"적합","확인"),"-") -> 적합 | P48: =IFERROR(M48-(G48-J48),"-") -> 0
B49: {=INDEX($B$72:$B$83,2*$D49-1)} -> CS 03-01 | D49: 5 | E49: {=INDEX(W$72:W$83,2*$D49-1)} -> 132.62961 | F49: {=INDEX(W$72:W$83,2*$D49)} -> 131.42426 | G49: =IFERROR(AVERAGE(E49:F49),"-") -> 132.02693 | H49: {=INDEX(X$72:X$83,2*$D49-1)} -> 52.273209 | I49: {=INDEX(X$72:X$83,2*$D49)} -> 52.70826 | J49: =IFERROR(AVERAGE(H49:I49),"-") -> 52.490734 | K49: {=INDEX(Y$72:Y$83,2*$D49-1)} -> 80.356401 | L49: {=INDEX(Y$72:Y$83,2*$D49)} -> 78.715999 | M49: =IFERROR(AVERAGE(K49:L49),"-") -> 79.5362 | N49: =IFERROR(ABS(K49-L49)/M49*100,"-") -> 2.0624593 | O49: =IFERROR(IF(N49<=$D$59,"적합","확인"),"-") -> 확인 | P49: =IFERROR(M49-(G49-J49),"-") -> 0
B50: {=INDEX($B$72:$B$83,2*$D50-1)} -> CS 03-02 | D50: 6 | E50: {=INDEX(W$72:W$83,2*$D50-1)} -> 132.07925 | F50: {=INDEX(W$72:W$83,2*$D50)} -> 132.46707 | G50: =IFERROR(AVERAGE(E50:F50),"-") -> 132.27316 | H50: {=INDEX(X$72:X$83,2*$D50-1)} -> 52.81311 | I50: {=INDEX(X$72:X$83,2*$D50)} -> 52.887733 | J50: =IFERROR(AVERAGE(H50:I50),"-") -> 52.850421 | K50: {=INDEX(Y$72:Y$83,2*$D50-1)} -> 79.266142 | L50: {=INDEX(Y$72:Y$83,2*$D50)} -> 79.579336 | M50: =IFERROR(AVERAGE(K50:L50),"-") -> 79.422739 | N50: =IFERROR(ABS(K50-L50)/M50*100,"-") -> 0.39433783 | O50: =IFERROR(IF(N50<=$D$59,"적합","확인"),"-") -> 적합 | P50: =IFERROR(M50-(G50-J50),"-") -> 1.4210855e-14
B53: ③ 판정 기준 (CRMLN member laboratory)
B54: 항목 | C54: 기준 | D54: 값 | E54: 단위 | F54: 비고
B55: TC (NIST) | C55: bias ±1% | D55: 1 | E55: % | F55: SRM 1951 정확도 앵커
B56: BF (하부분획) | C56: bias ±2% | D56: 2 | E56: % | F56: LDL 기준 준용(BF=LDL 상류)
B57: HDL-C | C57: bias ±1 mg/dL | D57: 1 | E57: mg/dL | F57: 저농도 → mg/dL로 판정
B58: LDL-C | C58: bias ±2% | D58: 2 | E58: % | F58: β-quantification
B59: LDL 반복 정밀도 | C59: CV ≤ 1.5% | D59: 1.5 | E59: % | F59: 채택 2반복 CV · Day간 재현성 판정에 공통 적용
B62: ④ 검토 요약 | H62: — 기본(종합) 대비 비교
B63: 적용 선택 옵션 | E63: =$C$4 -> HDL 높은값 우선 (상위 2개 채택) | H63: 기본(종합)과 다른 채택 건수 | L63: {=SUMPRODUCT(--($T$72:$T$83<>"R"&$AY$72:$AY$83))&" / 12"} -> 8 / 12
B64: 참조(대시보드 제출선택_2026.7) 선택과 일치 건수 | E64: =COUNTIF($AC$72:$AC$83,"일치")&" / 12" -> 4 / 12 | H64: 기본 대비 LDL 채택평균 최대 |Δ| (mg/dL) | L64: {=MAX(SUMPRODUCT(MAX(ABS($N$35:$N$40))),SUMPRODUCT(MAX(ABS($AD$35:$AD$40))))} -> 0.86306257
B65: 채택 2반복 LDL CV 기준(≤ 1.5%) 초과 건수 | E65: =COUNTIF($AA$72:$AA$83,"확인")&" / 12" -> 0 / 12 | H65: 정밀도 개선 건수 (ΔCV < 0) | L65: =COUNTIF($P$15:$P$40,"<-0.0005")+COUNTIF($AF$15:$AF$40,"<-0.0005")&" / 36" -> 3 / 36
B66: Day간 LDL 재현성 확인 필요 검체 수 | E66: =COUNTIF($O$45:$O$50,"확인")&" / 6" -> 1 / 6 | H66: 정밀도 악화 건수 (ΔCV > 0) | L66: =COUNTIF($P$15:$P$40,">0.0005")+COUNTIF($AF$15:$AF$40,">0.0005")&" / 36" -> 18 / 36
B67: LDL 정합(BF−HDL) 최대 절대편차 | E67: {=SUMPRODUCT(MAX(ABS($P$45:$P$50)))} -> 2.8421709e-14 | H67: SD 기준 | L67: 표본 SD(STDEV) · 대시보드는 모집단 SD → 본 시트 CV = 대시보드 × √2
B68: ※ 제출값은 CDC 참조법 회신 전 잠정치이며, 선택은 정밀도 기반 원칙을 따릅니다. 최종 확정은 검토자 확인 후.
B70: ⑤ 부록 — 선택 계산 근거 (검체·Day별 제외/채택 판정)
B71: 검체 | C71: Day | D71: 검체idx | E71: BF행 | F71: BF R1 | G71: BF R2 | H71: BF R3 | I71: HDL R1 | J71: HDL R2 | K71: HDL R3 | L71: LDL R1 | M71: LDL R2 | N71: LDL R3 | O71: 편차점수 R1 | P71: 편차점수 R2 | Q71: 편차점수 R3 | R71: 자동 제외R | S71: 수동 제외R | T71: 적용 제외R | U71: 제외idx | V71: 채택 R | W71: BF 채택평균 | X71: HDL 채택평균 | Y71: LDL 채택평균 | Z71: 채택 LDL CV% | AA71: CV 판정 | AB71: 참조 제외R | AC71: 참조 대비 | AS71: 잔여쌍 간격(R1제외) | AT71: 잔여쌍 간격(R2제외) | AU71: 잔여쌍 간격(R3제외) | AV71: 기본(종합) 점수 R1 | AW71: 기본(종합) 점수 R2 | AX71: 기본(종합) 점수 R3 | AY71: 기본 제외idx
B72: CS 01-01 | C72: Day1 | D72: 1 | E72: 9 | F72: {=IF($C72="Day1",INDEX('2026-07_결과정리'!$E:$G,$E72,1),INDEX('2026-07_결과정리'!$Q:$S,$E72,1))} -> 159.67969 | G72: {=IF($C72="Day1",INDEX('2026-07_결과정리'!$E:$G,$E72,2),INDEX('2026-07_결과정리'!$Q:$S,$E72,2))} -> 160.17501 | H72: {=IF($C72="Day1",INDEX('2026-07_결과정리'!$E:$G,$E72,3),INDEX('2026-07_결과정리'!$Q:$S,$E72,3))} -> 159.40451 | I72: {=IF($C72="Day1",INDEX('2026-07_결과정리'!$E:$G,$E72+8,1),INDEX('2026-07_결과정리'!$Q:$S,$E72+8,1))} -> 46.094342 | J72: {=IF($C72="Day1",INDEX('2026-07_결과정리'!$E:$G,$E72+8,2),INDEX('2026-07_결과정리'!$Q:$S,$E72+8,2))} -> 46.21432 | K72: {=IF($C72="Day1",INDEX('2026-07_결과정리'!$E:$G,$E72+8,3),INDEX('2026-07_결과정리'!$Q:$S,$E72+8,3))} -> 46.334298 | L72: {=IF($C72="Day1",INDEX('2026-07_결과정리'!$E:$G,$E72+16,1),INDEX('2026-07_결과정리'!$Q:$S,$E72+16,1))} -> 113.58535 | M72: {=IF($C72="Day1",INDEX('2026-07_결과정리'!$E:$G,$E72+16,2),INDEX('2026-07_결과정리'!$Q:$S,$E72+16,2))} -> 113.96069 | N72: {=IF($C72="Day1",INDEX('2026-07_결과정리'!$E:$G,$E72+16,3),INDEX('2026-07_결과정리'!$Q:$S,$E72+16,3))} -> 113.07021 | O72: =$C$6*ABS(F72-MEDIAN($F72:$H72))/MEDIAN($F72:$H72)*100+$D$6*ABS(I72-MEDIAN($I72:$K72))/MEDIAN($I72:$K72)*100+$E$6*ABS(L72-MEDIAN($L72:$N72))/MEDIAN($L72:$N72)*100 -> 0 | P72: =$C$6*ABS(G72-MEDIAN($F72:$H72))/MEDIAN($F72:$H72)*100+$D$6*ABS(J72-MEDIAN($I72:$K72))/MEDIAN($I72:$K72)*100+$E$6*ABS(M72-MEDIAN($L72:$N72))/MEDIAN($L72:$N72)*100 -> 0 | Q72: =$C$6*ABS(H72-MEDIAN($F72:$H72))/MEDIAN($F72:$H72)*100+$D$6*ABS(K72-MEDIAN($I72:$K72))/MEDIAN($I72:$K72)*100+$E$6*ABS(N72-MEDIAN($L72:$N72))/MEDIAN($L72:$N72)*100 -> 0 | R72: =IF($C$8="ALL","없음",IF($C$8="MAN","-",IF($C$8="PAIR","R"&MATCH(MIN($AS72:$AU72),$AS72:$AU72,0),IF($C$8="DIR_BF_HI","R"&MATCH(MIN($F72:$H72),$F72:$H72,0),IF($C$8="DIR_BF_LO","R"&MATCH(MAX($F72:$H72),$F72:$H72,0),IF($C$8="DIR_HDL_HI","R"&MATCH(MIN($I72:$K72),$I72:$K72,0),IF($C$8="DIR_HDL_LO","R"&MATCH(MAX($I72:$K72),$I72:$K72,0),"R"&MATCH(MAX($O72:$Q72),$O72:$Q72,0)))))))) -> R1 | T72: =IF($C$8="MAN",IF($S72="","입력 필요",$S72),$R72) -> R1 | U72: =IFERROR(VALUE(MID($T72,2,1)),0) -> 1 | V72: =IF($T72="입력 필요","-",IF($U72=0,"R1·R2·R3",CHOOSE($U72,"R2·R3","R1·R3","R1·R2"))) -> R2·R3 | W72: {=IF($T72="입력 필요","-",IF($U72=0,AVERAGE(F72:H72),(SUM(F72:H72)-INDEX(F72:H72,$U72))/2))} -> 159.78976 | X72: {=IF($T72="입력 필요","-",IF($U72=0,AVERAGE(I72:K72),(SUM(I72:K72)-INDEX(I72:K72,$U72))/2))} -> 46.274309 | Y72: {=IF($T72="입력 필요","-",IF($U72=0,AVERAGE(L72:N72),(SUM(L72:N72)-INDEX(L72:N72,$U72))/2))} -> 113.51545 | Z72: =IFERROR(IF($U72=0,STDEV(L72:N72)/AVERAGE(L72:N72)*100,ABS(CHOOSE($U72,M72-N72,L72-N72,L72-M72))/SQRT(2)/$Y72*100),"-") -> 0.55469417 | AA72: =IFERROR(IF($Z72<=$D$59,"적합","확인"),"-") -> 적합 | AB72: R3 | AC72: =IF($T72=$AB72,"일치","차이") -> 차이 | AS72: =ABS(CHOOSE(COLUMN()-44,$G72-$H72,$F72-$H72,$F72-$G72))/MEDIAN($F72:$H72)*100+ABS(CHOOSE(COLUMN()-44,$J72-$K72,$I72-$K72,$I72-$J72))/MEDIAN($I72:$K72)*100+ABS(CHOOSE(COLUMN()-44,$M72-$N72,$L72-$N72,$L72-$M72))/MEDIAN($L72:$N72)*100 -> 1.5261144 | AT72: =ABS(CHOOSE(COLUMN()-44,$G72-$H72,$F72-$H72,$F72-$G72))/MEDIAN($F72:$H72)*100+ABS(CHOOSE(COLUMN()-44,$J72-$K72,$I72-$K72,$I72-$J72))/MEDIAN($I72:$K72)*100+ABS(CHOOSE(COLUMN()-44,$M72-$N72,$L72-$N72,$L72-$M72))/MEDIAN($L72:$N72)*100 -> 1.1450783 | AU72: =ABS(CHOOSE(COLUMN()-44,$G72-$H72,$F72-$H72,$F72-$G72))/MEDIAN($F72:$H72)*100+ABS(CHOOSE(COLUMN()-44,$J72-$K72,$I72-$K72,$I72-$J72))/MEDIAN($I72:$K72)*100+ABS(CHOOSE(COLUMN()-44,$M72-$N72,$L72-$N72,$L72-$M72))/MEDIAN($L72:$N72)*100 -> 0.9002604 | AV72: =ABS(F72-MEDIAN($F72:$H72))/MEDIAN($F72:$H72)*100+ABS(I72-MEDIAN($I72:$K72))/MEDIAN($I72:$K72)*100 -> 0.25961214 | AW72: =ABS(G72-MEDIAN($F72:$H72))/MEDIAN($F72:$H72)*100+ABS(J72-MEDIAN($I72:$K72))/MEDIAN($I72:$K72)*100 -> 0.31019722 | AX72: =ABS(H72-MEDIAN($F72:$H72))/MEDIAN($F72:$H72)*100+ABS(K72-MEDIAN($I72:$K72))/MEDIAN($I72:$K72)*100 -> 0.43194393 | AY72: =MATCH(MAX($AV72:$AX72),$AV72:$AX72,0) -> 3
B73: CS 01-01 | C73: Day2 | D73: 1 | E73: 9 | F73: {=IF($C73="Day1",INDEX('2026-07_결과정리'!$E:$G,$E73,1),INDEX('2026-07_결과정리'!$Q:$S,$E73,1))} -> 160.4034 | G73: {=IF($C73="Day1",INDEX('2026-07_결과정리'!$E:$G,$E73,2),INDEX('2026-07_결과정리'!$Q:$S,$E73,2))} -> 160.73271 | H73: {=IF($C73="Day1",INDEX('2026-07_결과정리'!$E:$G,$E73,3),INDEX('2026-07_결과정리'!$Q:$S,$E73,3))} -> 160.56806 | I73: {=IF($C73="Day1",INDEX('2026-07_결과정리'!$E:$G,$E73+8,1),INDEX('2026-07_결과정리'!$Q:$S,$E73+8,1))} -> 47.174506 | J73: {=IF($C73="Day1",INDEX('2026-07_결과정리'!$E:$G,$E73+8,2),INDEX('2026-07_결과정리'!$Q:$S,$E73+8,2))} -> 46.097667 | K73: {=IF($C73="Day1",INDEX('2026-07_결과정리'!$E:$G,$E73+8,3),INDEX('2026-07_결과정리'!$Q:$S,$E73+8,3))} -> 46.935209 | L73: {=IF($C73="Day1",INDEX('2026-07_결과정리'!$E:$G,$E73+16,1),INDEX('2026-07_결과정리'!$Q:$S,$E73+16,1))} -> 113.2289 | M73: {=IF($C73="Day1",INDEX('2026-07_결과정리'!$E:$G,$E73+16,2),INDEX('2026-07_결과정리'!$Q:$S,$E73+16,2))} -> 114.63504 | N73: {=IF($C73="Day1",INDEX('2026-07_결과정리'!$E:$G,$E73+16,3),INDEX('2026-07_결과정리'!$Q:$S,$E73+16,3))} -> 113.63285 | O73: =$C$6*ABS(F73-MEDIAN($F73:$H73))/MEDIAN($F73:$H73)*100+$D$6*ABS(I73-MEDIAN($I73:$K73))/MEDIAN($I73:$K73)*100+$E$6*ABS(L73-MEDIAN($L73:$N73))/MEDIAN($L73:$N73)*100 -> 0 | P73: =$C$6*ABS(G73-MEDIAN($F73:$H73))/MEDIAN($F73:$H73)*100+$D$6*ABS(J73-MEDIAN($I73:$K73))/MEDIAN($I73:$K73)*100+$E$6*ABS(M73-MEDIAN($L73:$N73))/MEDIAN($L73:$N73)*100 -> 0 | Q73: =$C$6*ABS(H73-MEDIAN($F73:$H73))/MEDIAN($F73:$H73)*100+$D$6*ABS(K73-MEDIAN($I73:$K73))/MEDIAN($I73:$K73)*100+$E$6*ABS(N73-MEDIAN($L73:$N73))/MEDIAN($L73:$N73)*100 -> 0 | R73: =IF($C$8="ALL","없음",IF($C$8="MAN","-",IF($C$8="PAIR","R"&MATCH(MIN($AS73:$AU73),$AS73:$AU73,0),IF($C$8="DIR_BF_HI","R"&MATCH(MIN($F73:$H73),$F73:$H73,0),IF($C$8="DIR_BF_LO","R"&MATCH(MAX($F73:$H73),$F73:$H73,0),IF($C$8="DIR_HDL_HI","R"&MATCH(MIN($I73:$K73),$I73:$K73,0),IF($C$8="DIR_HDL_LO","R"&MATCH(MAX($I73:$K73),$I73:$K73,0),"R"&MATCH(MAX($O73:$Q73),$O73:$Q73,0)))))))) -> R2 | T73: =IF($C$8="MAN",IF($S73="","입력 필요",$S73),$R73) -> R2 | U73: =IFERROR(VALUE(MID($T73,2,1)),0) -> 2 | V73: =IF($T73="입력 필요","-",IF($U73=0,"R1·R2·R3",CHOOSE($U73,"R2·R3","R1·R3","R1·R2"))) -> R1·R3 | W73: {=IF($T73="입력 필요","-",IF($U73=0,AVERAGE(F73:H73),(SUM(F73:H73)-INDEX(F73:H73,$U73))/2))} -> 160.48573 | X73: {=IF($T73="입력 필요","-",IF($U73=0,AVERAGE(I73:K73),(SUM(I73:K73)-INDEX(I73:K73,$U73))/2))} -> 47.054857 | Y73: {=IF($T73="입력 필요","-",IF($U73=0,AVERAGE(L73:N73),(SUM(L73:N73)-INDEX(L73:N73,$U73))/2))} -> 113.43087 | Z73: =IFERROR(IF($U73=0,STDEV(L73:N73)/AVERAGE(L73:N73)*100,ABS(CHOOSE($U73,M73-N73,L73-N73,L73-M73))/SQRT(2)/$Y73*100),"-") -> 0.25181591 | AA73: =IFERROR(IF($Z73<=$D$59,"적합","확인"),"-") -> 적합 | AB73: R2 | AC73: =IF($T73=$AB73,"일치","차이") -> 일치 | AS73: =ABS(CHOOSE(COLUMN()-44,$G73-$H73,$F73-$H73,$F73-$G73))/MEDIAN($F73:$H73)*100+ABS(CHOOSE(COLUMN()-44,$J73-$K73,$I73-$K73,$I73-$J73))/MEDIAN($I73:$K73)*100+ABS(CHOOSE(COLUMN()-44,$M73-$N73,$L73-$N73,$L73-$M73))/MEDIAN($L73:$N73)*100 -> 2.7689665 | AT73: =ABS(CHOOSE(COLUMN()-44,$G73-$H73,$F73-$H73,$F73-$G73))/MEDIAN($F73:$H73)*100+ABS(CHOOSE(COLUMN()-44,$J73-$K73,$I73-$K73,$I73-$J73))/MEDIAN($I73:$K73)*100+ABS(CHOOSE(COLUMN()-44,$M73-$N73,$L73-$N73,$L73-$M73))/MEDIAN($L73:$N73)*100 -> 0.96787972 | AU73: =ABS(CHOOSE(COLUMN()-44,$G73-$H73,$F73-$H73,$F73-$G73))/MEDIAN($F73:$H73)*100+ABS(CHOOSE(COLUMN()-44,$J73-$K73,$I73-$K73,$I73-$J73))/MEDIAN($I73:$K73)*100+ABS(CHOOSE(COLUMN()-44,$M73-$N73,$L73-$N73,$L73-$M73))/MEDIAN($L73:$N73)*100 -> 3.7368462 | AV73: =ABS(F73-MEDIAN($F73:$H73))/MEDIAN($F73:$H73)*100+ABS(I73-MEDIAN($I73:$K73))/MEDIAN($I73:$K73)*100 -> 0.61239123 | AW73: =ABS(G73-MEDIAN($F73:$H73))/MEDIAN($F73:$H73)*100+ABS(J73-MEDIAN($I73:$K73))/MEDIAN($I73:$K73)*100 -> 1.8870073 | AX73: =ABS(H73-MEDIAN($F73:$H73))/MEDIAN($F73:$H73)*100+ABS(K73-MEDIAN($I73:$K73))/MEDIAN($I73:$K73)*100 -> 0 | AY73: =MATCH(MAX($AV73:$AX73),$AV73:$AX73,0) -> 2
B74: CS 01-02 | C74: Day1 | D74: 2 | E74: 10 | F74: {=IF($C74="Day1",INDEX('2026-07_결과정리'!$E:$G,$E74,1),INDEX('2026-07_결과정리'!$Q:$S,$E74,1))} -> 159.78976 | G74: {=IF($C74="Day1",INDEX('2026-07_결과정리'!$E:$G,$E74,2),INDEX('2026-07_결과정리'!$Q:$S,$E74,2))} -> 160.34012 | H74: {=IF($C74="Day1",INDEX('2026-07_결과정리'!$E:$G,$E74,3),INDEX('2026-07_결과정리'!$Q:$S,$E74,3))} -> 160.00991 | I74: {=IF($C74="Day1",INDEX('2026-07_결과정리'!$E:$G,$E74+8,1),INDEX('2026-07_결과정리'!$Q:$S,$E74+8,1))} -> 45.61443 | J74: {=IF($C74="Day1",INDEX('2026-07_결과정리'!$E:$G,$E74+8,2),INDEX('2026-07_결과정리'!$Q:$S,$E74+8,2))} -> 45.854386 | K74: {=IF($C74="Day1",INDEX('2026-07_결과정리'!$E:$G,$E74+8,3),INDEX('2026-07_결과정리'!$Q:$S,$E74+8,3))} -> 45.914375 | L74: {=IF($C74="Day1",INDEX('2026-07_결과정리'!$E:$G,$E74+16,1),INDEX('2026-07_결과정리'!$Q:$S,$E74+16,1))} -> 114.17533 | M74: {=IF($C74="Day1",INDEX('2026-07_결과정리'!$E:$G,$E74+16,2),INDEX('2026-07_결과정리'!$Q:$S,$E74+16,2))} -> 114.48573 | N74: {=IF($C74="Day1",INDEX('2026-07_결과정리'!$E:$G,$E74+16,3),INDEX('2026-07_결과정리'!$Q:$S,$E74+16,3))} -> 114.09553 | O74: =$C$6*ABS(F74-MEDIAN($F74:$H74))/MEDIAN($F74:$H74)*100+$D$6*ABS(I74-MEDIAN($I74:$K74))/MEDIAN($I74:$K74)*100+$E$6*ABS(L74-MEDIAN($L74:$N74))/MEDIAN($L74:$N74)*100 -> 0 | P74: =$C$6*ABS(G74-MEDIAN($F74:$H74))/MEDIAN($F74:$H74)*100+$D$6*ABS(J74-MEDIAN($I74:$K74))/MEDIAN($I74:$K74)*100+$E$6*ABS(M74-MEDIAN($L74:$N74))/MEDIAN($L74:$N74)*100 -> 0 | Q74: =$C$6*ABS(H74-MEDIAN($F74:$H74))/MEDIAN($F74:$H74)*100+$D$6*ABS(K74-MEDIAN($I74:$K74))/MEDIAN($I74:$K74)*100+$E$6*ABS(N74-MEDIAN($L74:$N74))/MEDIAN($L74:$N74)*100 -> 0 | R74: =IF($C$8="ALL","없음",IF($C$8="MAN","-",IF($C$8="PAIR","R"&MATCH(MIN($AS74:$AU74),$AS74:$AU74,0),IF($C$8="DIR_BF_HI","R"&MATCH(MIN($F74:$H74),$F74:$H74,0),IF($C$8="DIR_BF_LO","R"&MATCH(MAX($F74:$H74),$F74:$H74,0),IF($C$8="DIR_HDL_HI","R"&MATCH(MIN($I74:$K74),$I74:$K74,0),IF($C$8="DIR_HDL_LO","R"&MATCH(MAX($I74:$K74),$I74:$K74,0),"R"&MATCH(MAX($O74:$Q74),$O74:$Q74,0)))))))) -> R1 | T74: =IF($C$8="MAN",IF($S74="","입력 필요",$S74),$R74) -> R1 | U74: =IFERROR(VALUE(MID($T74,2,1)),0) -> 1 | V74: =IF($T74="입력 필요","-",IF($U74=0,"R1·R2·R3",CHOOSE($U74,"R2·R3","R1·R3","R1·R2"))) -> R2·R3 | W74: {=IF($T74="입력 필요","-",IF($U74=0,AVERAGE(F74:H74),(SUM(F74:H74)-INDEX(F74:H74,$U74))/2))} -> 160.17501 | X74: {=IF($T74="입력 필요","-",IF($U74=0,AVERAGE(I74:K74),(SUM(I74:K74)-INDEX(I74:K74,$U74))/2))} -> 45.884381 | Y74: {=IF($T74="입력 필요","-",IF($U74=0,AVERAGE(L74:N74),(SUM(L74:N74)-INDEX(L74:N74,$U74))/2))} -> 114.29063 | Z74: =IFERROR(IF($U74=0,STDEV(L74:N74)/AVERAGE(L74:N74)*100,ABS(CHOOSE($U74,M74-N74,L74-N74,L74-M74))/SQRT(2)/$Y74*100),"-") -> 0.24141579 | AA74: =IFERROR(IF($Z74<=$D$59,"적합","확인"),"-") -> 적합 | AB74: R1 | AC74: =IF($T74=$AB74,"일치","차이") -> 일치 | AS74: =ABS(CHOOSE(COLUMN()-44,$G74-$H74,$F74-$H74,$F74-$G74))/MEDIAN($F74:$H74)*100+ABS(CHOOSE(COLUMN()-44,$J74-$K74,$I74-$K74,$I74-$J74))/MEDIAN($I74:$K74)*100+ABS(CHOOSE(COLUMN()-44,$M74-$N74,$L74-$N74,$L74-$M74))/MEDIAN($L74:$N74)*100 -> 0.67895462 | AT74: =ABS(CHOOSE(COLUMN()-44,$G74-$H74,$F74-$H74,$F74-$G74))/MEDIAN($F74:$H74)*100+ABS(CHOOSE(COLUMN()-44,$J74-$K74,$I74-$K74,$I74-$J74))/MEDIAN($I74:$K74)*100+ABS(CHOOSE(COLUMN()-44,$M74-$N74,$L74-$N74,$L74-$M74))/MEDIAN($L74:$N74)*100 -> 0.86159997 | AU74: =ABS(CHOOSE(COLUMN()-44,$G74-$H74,$F74-$H74,$F74-$G74))/MEDIAN($F74:$H74)*100+ABS(CHOOSE(COLUMN()-44,$J74-$K74,$I74-$K74,$I74-$J74))/MEDIAN($I74:$K74)*100+ABS(CHOOSE(COLUMN()-44,$M74-$N74,$L74-$N74,$L74-$M74))/MEDIAN($L74:$N74)*100 -> 1.1391163 | AV74: =ABS(F74-MEDIAN($F74:$H74))/MEDIAN($F74:$H74)*100+ABS(I74-MEDIAN($I74:$K74))/MEDIAN($I74:$K74)*100 -> 0.66088084 | AW74: =ABS(G74-MEDIAN($F74:$H74))/MEDIAN($F74:$H74)*100+ABS(J74-MEDIAN($I74:$K74))/MEDIAN($I74:$K74)*100 -> 0.20637137 | AX74: =ABS(H74-MEDIAN($F74:$H74))/MEDIAN($F74:$H74)*100+ABS(K74-MEDIAN($I74:$K74))/MEDIAN($I74:$K74)*100 -> 0.13082498 | AY74: =MATCH(MAX($AV74:$AX74),$AV74:$AX74,0) -> 1
B75: CS 01-02 | C75: Day2 | D75: 2 | E75: 10 | F75: {=IF($C75="Day1",INDEX('2026-07_결과정리'!$E:$G,$E75,1),INDEX('2026-07_결과정리'!$Q:$S,$E75,1))} -> 161.17179 | G75: {=IF($C75="Day1",INDEX('2026-07_결과정리'!$E:$G,$E75,2),INDEX('2026-07_결과정리'!$Q:$S,$E75,2))} -> 160.7876 | H75: {=IF($C75="Day1",INDEX('2026-07_결과정리'!$E:$G,$E75,3),INDEX('2026-07_결과정리'!$Q:$S,$E75,3))} -> 159.74479 | I75: {=IF($C75="Day1",INDEX('2026-07_결과정리'!$E:$G,$E75+8,1),INDEX('2026-07_결과정리'!$Q:$S,$E75+8,1))} -> 46.396789 | J75: {=IF($C75="Day1",INDEX('2026-07_결과정리'!$E:$G,$E75+8,2),INDEX('2026-07_결과정리'!$Q:$S,$E75+8,2))} -> 46.636087 | K75: {=IF($C75="Day1",INDEX('2026-07_결과정리'!$E:$G,$E75+8,3),INDEX('2026-07_결과정리'!$Q:$S,$E75+8,3))} -> 46.695911 | L75: {=IF($C75="Day1",INDEX('2026-07_결과정리'!$E:$G,$E75+16,1),INDEX('2026-07_결과정리'!$Q:$S,$E75+16,1))} -> 114.775 | M75: {=IF($C75="Day1",INDEX('2026-07_결과정리'!$E:$G,$E75+16,2),INDEX('2026-07_결과정리'!$Q:$S,$E75+16,2))} -> 114.15151 | N75: {=IF($C75="Day1",INDEX('2026-07_결과정리'!$E:$G,$E75+16,3),INDEX('2026-07_결과정리'!$Q:$S,$E75+16,3))} -> 113.04887 | O75: =$C$6*ABS(F75-MEDIAN($F75:$H75))/MEDIAN($F75:$H75)*100+$D$6*ABS(I75-MEDIAN($I75:$K75))/MEDIAN($I75:$K75)*100+$E$6*ABS(L75-MEDIAN($L75:$N75))/MEDIAN($L75:$N75)*100 -> 0 | P75: =$C$6*ABS(G75-MEDIAN($F75:$H75))/MEDIAN($F75:$H75)*100+$D$6*ABS(J75-MEDIAN($I75:$K75))/MEDIAN($I75:$K75)*100+$E$6*ABS(M75-MEDIAN($L75:$N75))/MEDIAN($L75:$N75)*100 -> 0 | Q75: =$C$6*ABS(H75-MEDIAN($F75:$H75))/MEDIAN($F75:$H75)*100+$D$6*ABS(K75-MEDIAN($I75:$K75))/MEDIAN($I75:$K75)*100+$E$6*ABS(N75-MEDIAN($L75:$N75))/MEDIAN($L75:$N75)*100 -> 0 | R75: =IF($C$8="ALL","없음",IF($C$8="MAN","-",IF($C$8="PAIR","R"&MATCH(MIN($AS75:$AU75),$AS75:$AU75,0),IF($C$8="DIR_BF_HI","R"&MATCH(MIN($F75:$H75),$F75:$H75,0),IF($C$8="DIR_BF_LO","R"&MATCH(MAX($F75:$H75),$F75:$H75,0),IF($C$8="DIR_HDL_HI","R"&MATCH(MIN($I75:$K75),$I75:$K75,0),IF($C$8="DIR_HDL_LO","R"&MATCH(MAX($I75:$K75),$I75:$K75,0),"R"&MATCH(MAX($O75:$Q75),$O75:$Q75,0)))))))) -> R1 | T75: =IF($C$8="MAN",IF($S75="","입력 필요",$S75),$R75) -> R1 | U75: =IFERROR(VALUE(MID($T75,2,1)),0) -> 1 | V75: =IF($T75="입력 필요","-",IF($U75=0,"R1·R2·R3",CHOOSE($U75,"R2·R3","R1·R3","R1·R2"))) -> R2·R3 | W75: {=IF($T75="입력 필요","-",IF($U75=0,AVERAGE(F75:H75),(SUM(F75:H75)-INDEX(F75:H75,$U75))/2))} -> 160.26619 | X75: {=IF($T75="입력 필요","-",IF($U75=0,AVERAGE(I75:K75),(SUM(I75:K75)-INDEX(I75:K75,$U75))/2))} -> 46.665999 | Y75: {=IF($T75="입력 필요","-",IF($U75=0,AVERAGE(L75:N75),(SUM(L75:N75)-INDEX(L75:N75,$U75))/2))} -> 113.60019 | Z75: =IFERROR(IF($U75=0,STDEV(L75:N75)/AVERAGE(L75:N75)*100,ABS(CHOOSE($U75,M75-N75,L75-N75,L75-M75))/SQRT(2)/$Y75*100),"-") -> 0.68633714 | AA75: =IFERROR(IF($Z75<=$D$59,"적합","확인"),"-") -> 적합 | AB75: R3 | AC75: =IF($T75=$AB75,"일치","차이") -> 차이 | AS75: =ABS(CHOOSE(COLUMN()-44,$G75-$H75,$F75-$H75,$F75-$G75))/MEDIAN($F75:$H75)*100+ABS(CHOOSE(COLUMN()-44,$J75-$K75,$I75-$K75,$I75-$J75))/MEDIAN($I75:$K75)*100+ABS(CHOOSE(COLUMN()-44,$M75-$N75,$L75-$N75,$L75-$M75))/MEDIAN($L75:$N75)*100 -> 1.7427824 | AT75: =ABS(CHOOSE(COLUMN()-44,$G75-$H75,$F75-$H75,$F75-$G75))/MEDIAN($F75:$H75)*100+ABS(CHOOSE(COLUMN()-44,$J75-$K75,$I75-$K75,$I75-$J75))/MEDIAN($I75:$K75)*100+ABS(CHOOSE(COLUMN()-44,$M75-$N75,$L75-$N75,$L75-$M75))/MEDIAN($L75:$N75)*100 -> 3.0410392 | AU75: =ABS(CHOOSE(COLUMN()-44,$G75-$H75,$F75-$H75,$F75-$G75))/MEDIAN($F75:$H75)*100+ABS(CHOOSE(COLUMN()-44,$J75-$K75,$I75-$K75,$I75-$J75))/MEDIAN($I75:$K75)*100+ABS(CHOOSE(COLUMN()-44,$M75-$N75,$L75-$N75,$L75-$M75))/MEDIAN($L75:$N75)*100 -> 1.2982568 | AV75: =ABS(F75-MEDIAN($F75:$H75))/MEDIAN($F75:$H75)*100+ABS(I75-MEDIAN($I75:$K75))/MEDIAN($I75:$K75)*100 -> 0.75206109 | AW75: =ABS(G75-MEDIAN($F75:$H75))/MEDIAN($F75:$H75)*100+ABS(J75-MEDIAN($I75:$K75))/MEDIAN($I75:$K75)*100 -> 0 | AX75: =ABS(H75-MEDIAN($F75:$H75))/MEDIAN($F75:$H75)*100+ABS(K75-MEDIAN($I75:$K75))/MEDIAN($I75:$K75)*100 -> 0.77684291 | AY75: =MATCH(MAX($AV75:$AX75),$AV75:$AX75,0) -> 3
B76: CS 02-01 | C76: Day1 | D76: 3 | E76: 11 | F76: {=IF($C76="Day1",INDEX('2026-07_결과정리'!$E:$G,$E76,1),INDEX('2026-07_결과정리'!$Q:$S,$E76,1))} -> 239.81178 | G76: {=IF($C76="Day1",INDEX('2026-07_결과정리'!$E:$G,$E76,2),INDEX('2026-07_결과정리'!$Q:$S,$E76,2))} -> 240.85746 | H76: {=IF($C76="Day1",INDEX('2026-07_결과정리'!$E:$G,$E76,3),INDEX('2026-07_결과정리'!$Q:$S,$E76,3))} -> 239.81178 | I76: {=IF($C76="Day1",INDEX('2026-07_결과정리'!$E:$G,$E76+8,1),INDEX('2026-07_결과정리'!$Q:$S,$E76+8,1))} -> 57.072328 | J76: {=IF($C76="Day1",INDEX('2026-07_결과정리'!$E:$G,$E76+8,2),INDEX('2026-07_결과정리'!$Q:$S,$E76+8,2))} -> 56.652405 | K76: {=IF($C76="Day1",INDEX('2026-07_결과정리'!$E:$G,$E76+8,3),INDEX('2026-07_결과정리'!$Q:$S,$E76+8,3))} -> 56.292471 | L76: {=IF($C76="Day1",INDEX('2026-07_결과정리'!$E:$G,$E76+16,1),INDEX('2026-07_결과정리'!$Q:$S,$E76+16,1))} -> 182.73945 | M76: {=IF($C76="Day1",INDEX('2026-07_결과정리'!$E:$G,$E76+16,2),INDEX('2026-07_결과정리'!$Q:$S,$E76+16,2))} -> 184.20505 | N76: {=IF($C76="Day1",INDEX('2026-07_결과정리'!$E:$G,$E76+16,3),INDEX('2026-07_결과정리'!$Q:$S,$E76+16,3))} -> 183.51931 | O76: =$C$6*ABS(F76-MEDIAN($F76:$H76))/MEDIAN($F76:$H76)*100+$D$6*ABS(I76-MEDIAN($I76:$K76))/MEDIAN($I76:$K76)*100+$E$6*ABS(L76-MEDIAN($L76:$N76))/MEDIAN($L76:$N76)*100 -> 0 | P76: =$C$6*ABS(G76-MEDIAN($F76:$H76))/MEDIAN($F76:$H76)*100+$D$6*ABS(J76-MEDIAN($I76:$K76))/MEDIAN($I76:$K76)*100+$E$6*ABS(M76-MEDIAN($L76:$N76))/MEDIAN($L76:$N76)*100 -> 0 | Q76: =$C$6*ABS(H76-MEDIAN($F76:$H76))/MEDIAN($F76:$H76)*100+$D$6*ABS(K76-MEDIAN($I76:$K76))/MEDIAN($I76:$K76)*100+$E$6*ABS(N76-MEDIAN($L76:$N76))/MEDIAN($L76:$N76)*100 -> 0 | R76: =IF($C$8="ALL","없음",IF($C$8="MAN","-",IF($C$8="PAIR","R"&MATCH(MIN($AS76:$AU76),$AS76:$AU76,0),IF($C$8="DIR_BF_HI","R"&MATCH(MIN($F76:$H76),$F76:$H76,0),IF($C$8="DIR_BF_LO","R"&MATCH(MAX($F76:$H76),$F76:$H76,0),IF($C$8="DIR_HDL_HI","R"&MATCH(MIN($I76:$K76),$I76:$K76,0),IF($C$8="DIR_HDL_LO","R"&MATCH(MAX($I76:$K76),$I76:$K76,0),"R"&MATCH(MAX($O76:$Q76),$O76:$Q76,0)))))))) -> R3 | T76: =IF($C$8="MAN",IF($S76="","입력 필요",$S76),$R76) -> R3 | U76: =IFERROR(VALUE(MID($T76,2,1)),0) -> 3 | V76: =IF($T76="입력 필요","-",IF($U76=0,"R1·R2·R3",CHOOSE($U76,"R2·R3","R1·R3","R1·R2"))) -> R1·R2 | W76: {=IF($T76="입력 필요","-",IF($U76=0,AVERAGE(F76:H76),(SUM(F76:H76)-INDEX(F76:H76,$U76))/2))} -> 240.33462 | X76: {=IF($T76="입력 필요","-",IF($U76=0,AVERAGE(I76:K76),(SUM(I76:K76)-INDEX(I76:K76,$U76))/2))} -> 56.862367 | Y76: {=IF($T76="입력 필요","-",IF($U76=0,AVERAGE(L76:N76),(SUM(L76:N76)-INDEX(L76:N76,$U76))/2))} -> 183.47225 | Z76: =IFERROR(IF($U76=0,STDEV(L76:N76)/AVERAGE(L76:N76)*100,ABS(CHOOSE($U76,M76-N76,L76-N76,L76-M76))/SQRT(2)/$Y76*100),"-") -> 0.56484703 | AA76: =IFERROR(IF($Z76<=$D$59,"적합","확인"),"-") -> 적합 | AB76: R1 | AC76: =IF($T76=$AB76,"일치","차이") -> 차이 | AS76: =ABS(CHOOSE(COLUMN()-44,$G76-$H76,$F76-$H76,$F76-$G76))/MEDIAN($F76:$H76)*100+ABS(CHOOSE(COLUMN()-44,$J76-$K76,$I76-$K76,$I76-$J76))/MEDIAN($I76:$K76)*100+ABS(CHOOSE(COLUMN()-44,$M76-$N76,$L76-$N76,$L76-$M76))/MEDIAN($L76:$N76)*100 -> 1.4450434 | AT76: =ABS(CHOOSE(COLUMN()-44,$G76-$H76,$F76-$H76,$F76-$G76))/MEDIAN($F76:$H76)*100+ABS(CHOOSE(COLUMN()-44,$J76-$K76,$I76-$K76,$I76-$J76))/MEDIAN($I76:$K76)*100+ABS(CHOOSE(COLUMN()-44,$M76-$N76,$L76-$N76,$L76-$M76))/MEDIAN($L76:$N76)*100 -> 1.8015099 | AU76: =ABS(CHOOSE(COLUMN()-44,$G76-$H76,$F76-$H76,$F76-$G76))/MEDIAN($F76:$H76)*100+ABS(CHOOSE(COLUMN()-44,$J76-$K76,$I76-$K76,$I76-$J76))/MEDIAN($I76:$K76)*100+ABS(CHOOSE(COLUMN()-44,$M76-$N76,$L76-$N76,$L76-$M76))/MEDIAN($L76:$N76)*100 -> 1.9758784 | AV76: =ABS(F76-MEDIAN($F76:$H76))/MEDIAN($F76:$H76)*100+ABS(I76-MEDIAN($I76:$K76))/MEDIAN($I76:$K76)*100 -> 0.74122705 | AW76: =ABS(G76-MEDIAN($F76:$H76))/MEDIAN($F76:$H76)*100+ABS(J76-MEDIAN($I76:$K76))/MEDIAN($I76:$K76)*100 -> 0.43604184 | AX76: =ABS(H76-MEDIAN($F76:$H76))/MEDIAN($F76:$H76)*100+ABS(K76-MEDIAN($I76:$K76))/MEDIAN($I76:$K76)*100 -> 0.63533747 | AY76: =MATCH(MAX($AV76:$AX76),$AV76:$AX76,0) -> 1
B77: CS 02-01 | C77: Day2 | D77: 3 | E77: 11 | F77: {=IF($C77="Day1",INDEX('2026-07_결과정리'!$E:$G,$E77,1),INDEX('2026-07_결과정리'!$Q:$S,$E77,1))} -> 240.42536 | G77: {=IF($C77="Day1",INDEX('2026-07_결과정리'!$E:$G,$E77,2),INDEX('2026-07_결과정리'!$Q:$S,$E77,2))} -> 240.37047 | H77: {=IF($C77="Day1",INDEX('2026-07_결과정리'!$E:$G,$E77,3),INDEX('2026-07_결과정리'!$Q:$S,$E77,3))} -> 240.59001 | I77: {=IF($C77="Day1",INDEX('2026-07_결과정리'!$E:$G,$E77+8,1),INDEX('2026-07_결과정리'!$Q:$S,$E77+8,1))} -> 57.165176 | J77: {=IF($C77="Day1",INDEX('2026-07_결과정리'!$E:$G,$E77+8,2),INDEX('2026-07_결과정리'!$Q:$S,$E77+8,2))} -> 56.985703 | K77: {=IF($C77="Day1",INDEX('2026-07_결과정리'!$E:$G,$E77+8,3),INDEX('2026-07_결과정리'!$Q:$S,$E77+8,3))} -> 57.165176 | L77: {=IF($C77="Day1",INDEX('2026-07_결과정리'!$E:$G,$E77+16,1),INDEX('2026-07_결과정리'!$Q:$S,$E77+16,1))} -> 183.26018 | M77: {=IF($C77="Day1",INDEX('2026-07_결과정리'!$E:$G,$E77+16,2),INDEX('2026-07_결과정리'!$Q:$S,$E77+16,2))} -> 183.38477 | N77: {=IF($C77="Day1",INDEX('2026-07_결과정리'!$E:$G,$E77+16,3),INDEX('2026-07_결과정리'!$Q:$S,$E77+16,3))} -> 183.42484 | O77: =$C$6*ABS(F77-MEDIAN($F77:$H77))/MEDIAN($F77:$H77)*100+$D$6*ABS(I77-MEDIAN($I77:$K77))/MEDIAN($I77:$K77)*100+$E$6*ABS(L77-MEDIAN($L77:$N77))/MEDIAN($L77:$N77)*100 -> 0 | P77: =$C$6*ABS(G77-MEDIAN($F77:$H77))/MEDIAN($F77:$H77)*100+$D$6*ABS(J77-MEDIAN($I77:$K77))/MEDIAN($I77:$K77)*100+$E$6*ABS(M77-MEDIAN($L77:$N77))/MEDIAN($L77:$N77)*100 -> 0 | Q77: =$C$6*ABS(H77-MEDIAN($F77:$H77))/MEDIAN($F77:$H77)*100+$D$6*ABS(K77-MEDIAN($I77:$K77))/MEDIAN($I77:$K77)*100+$E$6*ABS(N77-MEDIAN($L77:$N77))/MEDIAN($L77:$N77)*100 -> 0 | R77: =IF($C$8="ALL","없음",IF($C$8="MAN","-",IF($C$8="PAIR","R"&MATCH(MIN($AS77:$AU77),$AS77:$AU77,0),IF($C$8="DIR_BF_HI","R"&MATCH(MIN($F77:$H77),$F77:$H77,0),IF($C$8="DIR_BF_LO","R"&MATCH(MAX($F77:$H77),$F77:$H77,0),IF($C$8="DIR_HDL_HI","R"&MATCH(MIN($I77:$K77),$I77:$K77,0),IF($C$8="DIR_HDL_LO","R"&MATCH(MAX($I77:$K77),$I77:$K77,0),"R"&MATCH(MAX($O77:$Q77),$O77:$Q77,0)))))))) -> R2 | T77: =IF($C$8="MAN",IF($S77="","입력 필요",$S77),$R77) -> R2 | U77: =IFERROR(VALUE(MID($T77,2,1)),0) -> 2 | V77: =IF($T77="입력 필요","-",IF($U77=0,"R1·R2·R3",CHOOSE($U77,"R2·R3","R1·R3","R1·R2"))) -> R1·R3 | W77: {=IF($T77="입력 필요","-",IF($U77=0,AVERAGE(F77:H77),(SUM(F77:H77)-INDEX(F77:H77,$U77))/2))} -> 240.50768 | X77: {=IF($T77="입력 필요","-",IF($U77=0,AVERAGE(I77:K77),(SUM(I77:K77)-INDEX(I77:K77,$U77))/2))} -> 57.165176 | Y77: {=IF($T77="입력 필요","-",IF($U77=0,AVERAGE(L77:N77),(SUM(L77:N77)-INDEX(L77:N77,$U77))/2))} -> 183.34251 | Z77: =IFERROR(IF($U77=0,STDEV(L77:N77)/AVERAGE(L77:N77)*100,ABS(CHOOSE($U77,M77-N77,L77-N77,L77-M77))/SQRT(2)/$Y77*100),"-") -> 0.063503069 | AA77: =IFERROR(IF($Z77<=$D$59,"적합","확인"),"-") -> 적합 | AB77: R2 | AC77: =IF($T77=$AB77,"일치","차이") -> 일치 | AS77: =ABS(CHOOSE(COLUMN()-44,$G77-$H77,$F77-$H77,$F77-$G77))/MEDIAN($F77:$H77)*100+ABS(CHOOSE(COLUMN()-44,$J77-$K77,$I77-$K77,$I77-$J77))/MEDIAN($I77:$K77)*100+ABS(CHOOSE(COLUMN()-44,$M77-$N77,$L77-$N77,$L77-$M77))/MEDIAN($L77:$N77)*100 -> 0.42711603 | AT77: =ABS(CHOOSE(COLUMN()-44,$G77-$H77,$F77-$H77,$F77-$G77))/MEDIAN($F77:$H77)*100+ABS(CHOOSE(COLUMN()-44,$J77-$K77,$I77-$K77,$I77-$J77))/MEDIAN($I77:$K77)*100+ABS(CHOOSE(COLUMN()-44,$M77-$N77,$L77-$N77,$L77-$M77))/MEDIAN($L77:$N77)*100 -> 0.15827076 | AU77: =ABS(CHOOSE(COLUMN()-44,$G77-$H77,$F77-$H77,$F77-$G77))/MEDIAN($F77:$H77)*100+ABS(CHOOSE(COLUMN()-44,$J77-$K77,$I77-$K77,$I77-$J77))/MEDIAN($I77:$K77)*100+ABS(CHOOSE(COLUMN()-44,$M77-$N77,$L77-$N77,$L77-$M77))/MEDIAN($L77:$N77)*100 -> 0.40472173 | AV77: =ABS(F77-MEDIAN($F77:$H77))/MEDIAN($F77:$H77)*100+ABS(I77-MEDIAN($I77:$K77))/MEDIAN($I77:$K77)*100 -> 0 | AW77: =ABS(G77-MEDIAN($F77:$H77))/MEDIAN($F77:$H77)*100+ABS(J77-MEDIAN($I77:$K77))/MEDIAN($I77:$K77)*100 -> 0.3367835 | AX77: =ABS(H77-MEDIAN($F77:$H77))/MEDIAN($F77:$H77)*100+ABS(K77-MEDIAN($I77:$K77))/MEDIAN($I77:$K77)*100 -> 0.068484551 | AY77: =MATCH(MAX($AV77:$AX77),$AV77:$AX77,0) -> 2
B78: CS 02-02 | C78: Day1 | D78: 4 | E78: 12 | F78: {=IF($C78="Day1",INDEX('2026-07_결과정리'!$E:$G,$E78,1),INDEX('2026-07_결과정리'!$Q:$S,$E78,1))} -> 240.3071 | G78: {=IF($C78="Day1",INDEX('2026-07_결과정리'!$E:$G,$E78,2),INDEX('2026-07_결과정리'!$Q:$S,$E78,2))} -> 239.70171 | H78: {=IF($C78="Day1",INDEX('2026-07_결과정리'!$E:$G,$E78,3),INDEX('2026-07_결과정리'!$Q:$S,$E78,3))} -> 240.52724 | I78: {=IF($C78="Day1",INDEX('2026-07_결과정리'!$E:$G,$E78+8,1),INDEX('2026-07_결과정리'!$Q:$S,$E78+8,1))} -> 56.532427 | J78: {=IF($C78="Day1",INDEX('2026-07_결과정리'!$E:$G,$E78+8,2),INDEX('2026-07_결과정리'!$Q:$S,$E78+8,2))} -> 56.892361 | K78: {=IF($C78="Day1",INDEX('2026-07_결과정리'!$E:$G,$E78+8,3),INDEX('2026-07_결과정리'!$Q:$S,$E78+8,3))} -> 56.532427 | L78: {=IF($C78="Day1",INDEX('2026-07_결과정리'!$E:$G,$E78+16,1),INDEX('2026-07_결과정리'!$Q:$S,$E78+16,1))} -> 183.77467 | M78: {=IF($C78="Day1",INDEX('2026-07_결과정리'!$E:$G,$E78+16,2),INDEX('2026-07_결과정리'!$Q:$S,$E78+16,2))} -> 182.80935 | N78: {=IF($C78="Day1",INDEX('2026-07_결과정리'!$E:$G,$E78+16,3),INDEX('2026-07_결과정리'!$Q:$S,$E78+16,3))} -> 183.99482 | O78: =$C$6*ABS(F78-MEDIAN($F78:$H78))/MEDIAN($F78:$H78)*100+$D$6*ABS(I78-MEDIAN($I78:$K78))/MEDIAN($I78:$K78)*100+$E$6*ABS(L78-MEDIAN($L78:$N78))/MEDIAN($L78:$N78)*100 -> 0 | P78: =$C$6*ABS(G78-MEDIAN($F78:$H78))/MEDIAN($F78:$H78)*100+$D$6*ABS(J78-MEDIAN($I78:$K78))/MEDIAN($I78:$K78)*100+$E$6*ABS(M78-MEDIAN($L78:$N78))/MEDIAN($L78:$N78)*100 -> 0 | Q78: =$C$6*ABS(H78-MEDIAN($F78:$H78))/MEDIAN($F78:$H78)*100+$D$6*ABS(K78-MEDIAN($I78:$K78))/MEDIAN($I78:$K78)*100+$E$6*ABS(N78-MEDIAN($L78:$N78))/MEDIAN($L78:$N78)*100 -> 0 | R78: =IF($C$8="ALL","없음",IF($C$8="MAN","-",IF($C$8="PAIR","R"&MATCH(MIN($AS78:$AU78),$AS78:$AU78,0),IF($C$8="DIR_BF_HI","R"&MATCH(MIN($F78:$H78),$F78:$H78,0),IF($C$8="DIR_BF_LO","R"&MATCH(MAX($F78:$H78),$F78:$H78,0),IF($C$8="DIR_HDL_HI","R"&MATCH(MIN($I78:$K78),$I78:$K78,0),IF($C$8="DIR_HDL_LO","R"&MATCH(MAX($I78:$K78),$I78:$K78,0),"R"&MATCH(MAX($O78:$Q78),$O78:$Q78,0)))))))) -> R1 | T78: =IF($C$8="MAN",IF($S78="","입력 필요",$S78),$R78) -> R1 | U78: =IFERROR(VALUE(MID($T78,2,1)),0) -> 1 | V78: =IF($T78="입력 필요","-",IF($U78=0,"R1·R2·R3",CHOOSE($U78,"R2·R3","R1·R3","R1·R2"))) -> R2·R3 | W78: {=IF($T78="입력 필요","-",IF($U78=0,AVERAGE(F78:H78),(SUM(F78:H78)-INDEX(F78:H78,$U78))/2))} -> 240.11447 | X78: {=IF($T78="입력 필요","-",IF($U78=0,AVERAGE(I78:K78),(SUM(I78:K78)-INDEX(I78:K78,$U78))/2))} -> 56.712394 | Y78: {=IF($T78="입력 필요","-",IF($U78=0,AVERAGE(L78:N78),(SUM(L78:N78)-INDEX(L78:N78,$U78))/2))} -> 183.40208 | Z78: =IFERROR(IF($U78=0,STDEV(L78:N78)/AVERAGE(L78:N78)*100,ABS(CHOOSE($U78,M78-N78,L78-N78,L78-M78))/SQRT(2)/$Y78*100),"-") -> 0.45705821 | AA78: =IFERROR(IF($Z78<=$D$59,"적합","확인"),"-") -> 적합 | AB78: R2 | AC78: =IF($T78=$AB78,"일치","차이") -> 차이 | AS78: =ABS(CHOOSE(COLUMN()-44,$G78-$H78,$F78-$H78,$F78-$G78))/MEDIAN($F78:$H78)*100+ABS(CHOOSE(COLUMN()-44,$J78-$K78,$I78-$K78,$I78-$J78))/MEDIAN($I78:$K78)*100+ABS(CHOOSE(COLUMN()-44,$M78-$N78,$L78-$N78,$L78-$M78))/MEDIAN($L78:$N78)*100 -> 1.6252873 | AT78: =ABS(CHOOSE(COLUMN()-44,$G78-$H78,$F78-$H78,$F78-$G78))/MEDIAN($F78:$H78)*100+ABS(CHOOSE(COLUMN()-44,$J78-$K78,$I78-$K78,$I78-$J78))/MEDIAN($I78:$K78)*100+ABS(CHOOSE(COLUMN()-44,$M78-$N78,$L78-$N78,$L78-$M78))/MEDIAN($L78:$N78)*100 -> 0.21139875 | AU78: =ABS(CHOOSE(COLUMN()-44,$G78-$H78,$F78-$H78,$F78-$G78))/MEDIAN($F78:$H78)*100+ABS(CHOOSE(COLUMN()-44,$J78-$K78,$I78-$K78,$I78-$J78))/MEDIAN($I78:$K78)*100+ABS(CHOOSE(COLUMN()-44,$M78-$N78,$L78-$N78,$L78-$M78))/MEDIAN($L78:$N78)*100 -> 1.4138885 | AV78: =ABS(F78-MEDIAN($F78:$H78))/MEDIAN($F78:$H78)*100+ABS(I78-MEDIAN($I78:$K78))/MEDIAN($I78:$K78)*100 -> 0 | AW78: =ABS(G78-MEDIAN($F78:$H78))/MEDIAN($F78:$H78)*100+ABS(J78-MEDIAN($I78:$K78))/MEDIAN($I78:$K78)*100 -> 0.88861077 | AX78: =ABS(H78-MEDIAN($F78:$H78))/MEDIAN($F78:$H78)*100+ABS(K78-MEDIAN($I78:$K78))/MEDIAN($I78:$K78)*100 -> 0.091609067 | AY78: =MATCH(MAX($AV78:$AX78),$AV78:$AX78,0) -> 2
B79: CS 02-02 | C79: Day2 | D79: 4 | E79: 12 | F79: {=IF($C79="Day1",INDEX('2026-07_결과정리'!$E:$G,$E79,1),INDEX('2026-07_결과정리'!$Q:$S,$E79,1))} -> 241.63282 | G79: {=IF($C79="Day1",INDEX('2026-07_결과정리'!$E:$G,$E79,2),INDEX('2026-07_결과정리'!$Q:$S,$E79,2))} -> 241.08397 | H79: {=IF($C79="Day1",INDEX('2026-07_결과정리'!$E:$G,$E79,3),INDEX('2026-07_결과정리'!$Q:$S,$E79,3))} -> 242.7854 | I79: {=IF($C79="Day1",INDEX('2026-07_결과정리'!$E:$G,$E79+8,1),INDEX('2026-07_결과정리'!$Q:$S,$E79+8,1))} -> 57.284824 | J79: {=IF($C79="Day1",INDEX('2026-07_결과정리'!$E:$G,$E79+8,2),INDEX('2026-07_결과정리'!$Q:$S,$E79+8,2))} -> 57.643771 | K79: {=IF($C79="Day1",INDEX('2026-07_결과정리'!$E:$G,$E79+8,3),INDEX('2026-07_결과정리'!$Q:$S,$E79+8,3))} -> 56.985703 | L79: {=IF($C79="Day1",INDEX('2026-07_결과정리'!$E:$G,$E79+16,1),INDEX('2026-07_결과정리'!$Q:$S,$E79+16,1))} -> 184.348 | M79: {=IF($C79="Day1",INDEX('2026-07_결과정리'!$E:$G,$E79+16,2),INDEX('2026-07_결과정리'!$Q:$S,$E79+16,2))} -> 183.4402 | N79: {=IF($C79="Day1",INDEX('2026-07_결과정리'!$E:$G,$E79+16,3),INDEX('2026-07_결과정리'!$Q:$S,$E79+16,3))} -> 185.7997 | O79: =$C$6*ABS(F79-MEDIAN($F79:$H79))/MEDIAN($F79:$H79)*100+$D$6*ABS(I79-MEDIAN($I79:$K79))/MEDIAN($I79:$K79)*100+$E$6*ABS(L79-MEDIAN($L79:$N79))/MEDIAN($L79:$N79)*100 -> 0 | P79: =$C$6*ABS(G79-MEDIAN($F79:$H79))/MEDIAN($F79:$H79)*100+$D$6*ABS(J79-MEDIAN($I79:$K79))/MEDIAN($I79:$K79)*100+$E$6*ABS(M79-MEDIAN($L79:$N79))/MEDIAN($L79:$N79)*100 -> 0 | Q79: =$C$6*ABS(H79-MEDIAN($F79:$H79))/MEDIAN($F79:$H79)*100+$D$6*ABS(K79-MEDIAN($I79:$K79))/MEDIAN($I79:$K79)*100+$E$6*ABS(N79-MEDIAN($L79:$N79))/MEDIAN($L79:$N79)*100 -> 0 | R79: =IF($C$8="ALL","없음",IF($C$8="MAN","-",IF($C$8="PAIR","R"&MATCH(MIN($AS79:$AU79),$AS79:$AU79,0),IF($C$8="DIR_BF_HI","R"&MATCH(MIN($F79:$H79),$F79:$H79,0),IF($C$8="DIR_BF_LO","R"&MATCH(MAX($F79:$H79),$F79:$H79,0),IF($C$8="DIR_HDL_HI","R"&MATCH(MIN($I79:$K79),$I79:$K79,0),IF($C$8="DIR_HDL_LO","R"&MATCH(MAX($I79:$K79),$I79:$K79,0),"R"&MATCH(MAX($O79:$Q79),$O79:$Q79,0)))))))) -> R3 | T79: =IF($C$8="MAN",IF($S79="","입력 필요",$S79),$R79) -> R3 | U79: =IFERROR(VALUE(MID($T79,2,1)),0) -> 3 | V79: =IF($T79="입력 필요","-",IF($U79=0,"R1·R2·R3",CHOOSE($U79,"R2·R3","R1·R3","R1·R2"))) -> R1·R2 | W79: {=IF($T79="입력 필요","-",IF($U79=0,AVERAGE(F79:H79),(SUM(F79:H79)-INDEX(F79:H79,$U79))/2))} -> 241.3584 | X79: {=IF($T79="입력 필요","-",IF($U79=0,AVERAGE(I79:K79),(SUM(I79:K79)-INDEX(I79:K79,$U79))/2))} -> 57.464297 | Y79: {=IF($T79="입력 필요","-",IF($U79=0,AVERAGE(L79:N79),(SUM(L79:N79)-INDEX(L79:N79,$U79))/2))} -> 183.8941 | Z79: =IFERROR(IF($U79=0,STDEV(L79:N79)/AVERAGE(L79:N79)*100,ABS(CHOOSE($U79,M79-N79,L79-N79,L79-M79))/SQRT(2)/$Y79*100),"-") -> 0.34906342 | AA79: =IFERROR(IF($Z79<=$D$59,"적합","확인"),"-") -> 적합 | AB79: R3 | AC79: =IF($T79=$AB79,"일치","차이") -> 일치 | AS79: =ABS(CHOOSE(COLUMN()-44,$G79-$H79,$F79-$H79,$F79-$G79))/MEDIAN($F79:$H79)*100+ABS(CHOOSE(COLUMN()-44,$J79-$K79,$I79-$K79,$I79-$J79))/MEDIAN($I79:$K79)*100+ABS(CHOOSE(COLUMN()-44,$M79-$N79,$L79-$N79,$L79-$M79))/MEDIAN($L79:$N79)*100 -> 3.132816 | AT79: =ABS(CHOOSE(COLUMN()-44,$G79-$H79,$F79-$H79,$F79-$G79))/MEDIAN($F79:$H79)*100+ABS(CHOOSE(COLUMN()-44,$J79-$K79,$I79-$K79,$I79-$J79))/MEDIAN($I79:$K79)*100+ABS(CHOOSE(COLUMN()-44,$M79-$N79,$L79-$N79,$L79-$M79))/MEDIAN($L79:$N79)*100 -> 1.786641 | AU79: =ABS(CHOOSE(COLUMN()-44,$G79-$H79,$F79-$H79,$F79-$G79))/MEDIAN($F79:$H79)*100+ABS(CHOOSE(COLUMN()-44,$J79-$K79,$I79-$K79,$I79-$J79))/MEDIAN($I79:$K79)*100+ABS(CHOOSE(COLUMN()-44,$M79-$N79,$L79-$N79,$L79-$M79))/MEDIAN($L79:$N79)*100 -> 1.346175 | AV79: =ABS(F79-MEDIAN($F79:$H79))/MEDIAN($F79:$H79)*100+ABS(I79-MEDIAN($I79:$K79))/MEDIAN($I79:$K79)*100 -> 0 | AW79: =ABS(G79-MEDIAN($F79:$H79))/MEDIAN($F79:$H79)*100+ABS(J79-MEDIAN($I79:$K79))/MEDIAN($I79:$K79)*100 -> 0.85374022 | AX79: =ABS(H79-MEDIAN($F79:$H79))/MEDIAN($F79:$H79)*100+ABS(K79-MEDIAN($I79:$K79))/MEDIAN($I79:$K79)*100 -> 0.99916223 | AY79: =MATCH(MAX($AV79:$AX79),$AV79:$AX79,0) -> 3
B80: CS 03-01 | C80: Day1 | D80: 5 | E80: 13 | F80: {=IF($C80="Day1",INDEX('2026-07_결과정리'!$E:$G,$E80,1),INDEX('2026-07_결과정리'!$Q:$S,$E80,1))} -> 132.7672 | G80: {=IF($C80="Day1",INDEX('2026-07_결과정리'!$E:$G,$E80,2),INDEX('2026-07_결과정리'!$Q:$S,$E80,2))} -> 132.49202 | H80: {=IF($C80="Day1",INDEX('2026-07_결과정리'!$E:$G,$E80,3),INDEX('2026-07_결과정리'!$Q:$S,$E80,3))} -> 132.49202 | I80: {=IF($C80="Day1",INDEX('2026-07_결과정리'!$E:$G,$E80+8,1),INDEX('2026-07_결과정리'!$Q:$S,$E80+8,1))} -> 52.153231 | J80: {=IF($C80="Day1",INDEX('2026-07_결과정리'!$E:$G,$E80+8,2),INDEX('2026-07_결과정리'!$Q:$S,$E80+8,2))} -> 52.393187 | K80: {=IF($C80="Day1",INDEX('2026-07_결과정리'!$E:$G,$E80+8,3),INDEX('2026-07_결과정리'!$Q:$S,$E80+8,3))} -> 52.093242 | L80: {=IF($C80="Day1",INDEX('2026-07_결과정리'!$E:$G,$E80+16,1),INDEX('2026-07_결과정리'!$Q:$S,$E80+16,1))} -> 80.613968 | M80: {=IF($C80="Day1",INDEX('2026-07_결과정리'!$E:$G,$E80+16,2),INDEX('2026-07_결과정리'!$Q:$S,$E80+16,2))} -> 80.098833 | N80: {=IF($C80="Day1",INDEX('2026-07_결과정리'!$E:$G,$E80+16,3),INDEX('2026-07_결과정리'!$Q:$S,$E80+16,3))} -> 80.398778 | O80: =$C$6*ABS(F80-MEDIAN($F80:$H80))/MEDIAN($F80:$H80)*100+$D$6*ABS(I80-MEDIAN($I80:$K80))/MEDIAN($I80:$K80)*100+$E$6*ABS(L80-MEDIAN($L80:$N80))/MEDIAN($L80:$N80)*100 -> 0 | P80: =$C$6*ABS(G80-MEDIAN($F80:$H80))/MEDIAN($F80:$H80)*100+$D$6*ABS(J80-MEDIAN($I80:$K80))/MEDIAN($I80:$K80)*100+$E$6*ABS(M80-MEDIAN($L80:$N80))/MEDIAN($L80:$N80)*100 -> 0 | Q80: =$C$6*ABS(H80-MEDIAN($F80:$H80))/MEDIAN($F80:$H80)*100+$D$6*ABS(K80-MEDIAN($I80:$K80))/MEDIAN($I80:$K80)*100+$E$6*ABS(N80-MEDIAN($L80:$N80))/MEDIAN($L80:$N80)*100 -> 0 | R80: =IF($C$8="ALL","없음",IF($C$8="MAN","-",IF($C$8="PAIR","R"&MATCH(MIN($AS80:$AU80),$AS80:$AU80,0),IF($C$8="DIR_BF_HI","R"&MATCH(MIN($F80:$H80),$F80:$H80,0),IF($C$8="DIR_BF_LO","R"&MATCH(MAX($F80:$H80),$F80:$H80,0),IF($C$8="DIR_HDL_HI","R"&MATCH(MIN($I80:$K80),$I80:$K80,0),IF($C$8="DIR_HDL_LO","R"&MATCH(MAX($I80:$K80),$I80:$K80,0),"R"&MATCH(MAX($O80:$Q80),$O80:$Q80,0)))))))) -> R3 | T80: =IF($C$8="MAN",IF($S80="","입력 필요",$S80),$R80) -> R3 | U80: =IFERROR(VALUE(MID($T80,2,1)),0) -> 3 | V80: =IF($T80="입력 필요","-",IF($U80=0,"R1·R2·R3",CHOOSE($U80,"R2·R3","R1·R3","R1·R2"))) -> R1·R2 | W80: {=IF($T80="입력 필요","-",IF($U80=0,AVERAGE(F80:H80),(SUM(F80:H80)-INDEX(F80:H80,$U80))/2))} -> 132.62961 | X80: {=IF($T80="입력 필요","-",IF($U80=0,AVERAGE(I80:K80),(SUM(I80:K80)-INDEX(I80:K80,$U80))/2))} -> 52.273209 | Y80: {=IF($T80="입력 필요","-",IF($U80=0,AVERAGE(L80:N80),(SUM(L80:N80)-INDEX(L80:N80,$U80))/2))} -> 80.356401 | Z80: =IFERROR(IF($U80=0,STDEV(L80:N80)/AVERAGE(L80:N80)*100,ABS(CHOOSE($U80,M80-N80,L80-N80,L80-M80))/SQRT(2)/$Y80*100),"-") -> 0.45329972 | AA80: =IFERROR(IF($Z80<=$D$59,"적합","확인"),"-") -> 적합 | AB80: R2 | AC80: =IF($T80=$AB80,"일치","차이") -> 차이 | AS80: =ABS(CHOOSE(COLUMN()-44,$G80-$H80,$F80-$H80,$F80-$G80))/MEDIAN($F80:$H80)*100+ABS(CHOOSE(COLUMN()-44,$J80-$K80,$I80-$K80,$I80-$J80))/MEDIAN($I80:$K80)*100+ABS(CHOOSE(COLUMN()-44,$M80-$N80,$L80-$N80,$L80-$M80))/MEDIAN($L80:$N80)*100 -> 0.94819405 | AT80: =ABS(CHOOSE(COLUMN()-44,$G80-$H80,$F80-$H80,$F80-$G80))/MEDIAN($F80:$H80)*100+ABS(CHOOSE(COLUMN()-44,$J80-$K80,$I80-$K80,$I80-$J80))/MEDIAN($I80:$K80)*100+ABS(CHOOSE(COLUMN()-44,$M80-$N80,$L80-$N80,$L80-$M80))/MEDIAN($L80:$N80)*100 -> 0.59037234 | AU80: =ABS(CHOOSE(COLUMN()-44,$G80-$H80,$F80-$H80,$F80-$G80))/MEDIAN($F80:$H80)*100+ABS(CHOOSE(COLUMN()-44,$J80-$K80,$I80-$K80,$I80-$J80))/MEDIAN($I80:$K80)*100+ABS(CHOOSE(COLUMN()-44,$M80-$N80,$L80-$N80,$L80-$M80))/MEDIAN($L80:$N80)*100 -> 1.3085174 | AV80: =ABS(F80-MEDIAN($F80:$H80))/MEDIAN($F80:$H80)*100+ABS(I80-MEDIAN($I80:$K80))/MEDIAN($I80:$K80)*100 -> 0.20769467 | AW80: =ABS(G80-MEDIAN($F80:$H80))/MEDIAN($F80:$H80)*100+ABS(J80-MEDIAN($I80:$K80))/MEDIAN($I80:$K80)*100 -> 0.460098 | AX80: =ABS(H80-MEDIAN($F80:$H80))/MEDIAN($F80:$H80)*100+ABS(K80-MEDIAN($I80:$K80))/MEDIAN($I80:$K80)*100 -> 0.1150245 | AY80: =MATCH(MAX($AV80:$AX80),$AV80:$AX80,0) -> 2
B81: CS 03-01 | C81: Day2 | D81: 5 | E81: 13 | F81: {=IF($C81="Day1",INDEX('2026-07_결과정리'!$E:$G,$E81,1),INDEX('2026-07_결과정리'!$Q:$S,$E81,1))} -> 131.14984 | G81: {=IF($C81="Day1",INDEX('2026-07_결과정리'!$E:$G,$E81,2),INDEX('2026-07_결과정리'!$Q:$S,$E81,2))} -> 131.2596 | H81: {=IF($C81="Day1",INDEX('2026-07_결과정리'!$E:$G,$E81,3),INDEX('2026-07_결과정리'!$Q:$S,$E81,3))} -> 131.69868 | I81: {=IF($C81="Day1",INDEX('2026-07_결과정리'!$E:$G,$E81+8,1),INDEX('2026-07_결과정리'!$Q:$S,$E81+8,1))} -> 52.917645 | J81: {=IF($C81="Day1",INDEX('2026-07_결과정리'!$E:$G,$E81+8,2),INDEX('2026-07_결과정리'!$Q:$S,$E81+8,2))} -> 52.498875 | K81: {=IF($C81="Day1",INDEX('2026-07_결과정리'!$E:$G,$E81+8,3),INDEX('2026-07_결과정리'!$Q:$S,$E81+8,3))} -> 52.498875 | L81: {=IF($C81="Day1",INDEX('2026-07_결과정리'!$E:$G,$E81+16,1),INDEX('2026-07_결과정리'!$Q:$S,$E81+16,1))} -> 78.23219 | M81: {=IF($C81="Day1",INDEX('2026-07_결과정리'!$E:$G,$E81+16,2),INDEX('2026-07_결과정리'!$Q:$S,$E81+16,2))} -> 78.76073 | N81: {=IF($C81="Day1",INDEX('2026-07_결과정리'!$E:$G,$E81+16,3),INDEX('2026-07_결과정리'!$Q:$S,$E81+16,3))} -> 79.199808 | O81: =$C$6*ABS(F81-MEDIAN($F81:$H81))/MEDIAN($F81:$H81)*100+$D$6*ABS(I81-MEDIAN($I81:$K81))/MEDIAN($I81:$K81)*100+$E$6*ABS(L81-MEDIAN($L81:$N81))/MEDIAN($L81:$N81)*100 -> 0 | P81: =$C$6*ABS(G81-MEDIAN($F81:$H81))/MEDIAN($F81:$H81)*100+$D$6*ABS(J81-MEDIAN($I81:$K81))/MEDIAN($I81:$K81)*100+$E$6*ABS(M81-MEDIAN($L81:$N81))/MEDIAN($L81:$N81)*100 -> 0 | Q81: =$C$6*ABS(H81-MEDIAN($F81:$H81))/MEDIAN($F81:$H81)*100+$D$6*ABS(K81-MEDIAN($I81:$K81))/MEDIAN($I81:$K81)*100+$E$6*ABS(N81-MEDIAN($L81:$N81))/MEDIAN($L81:$N81)*100 -> 0 | R81: =IF($C$8="ALL","없음",IF($C$8="MAN","-",IF($C$8="PAIR","R"&MATCH(MIN($AS81:$AU81),$AS81:$AU81,0),IF($C$8="DIR_BF_HI","R"&MATCH(MIN($F81:$H81),$F81:$H81,0),IF($C$8="DIR_BF_LO","R"&MATCH(MAX($F81:$H81),$F81:$H81,0),IF($C$8="DIR_HDL_HI","R"&MATCH(MIN($I81:$K81),$I81:$K81,0),IF($C$8="DIR_HDL_LO","R"&MATCH(MAX($I81:$K81),$I81:$K81,0),"R"&MATCH(MAX($O81:$Q81),$O81:$Q81,0)))))))) -> R2 | T81: =IF($C$8="MAN",IF($S81="","입력 필요",$S81),$R81) -> R2 | U81: =IFERROR(VALUE(MID($T81,2,1)),0) -> 2 | V81: =IF($T81="입력 필요","-",IF($U81=0,"R1·R2·R3",CHOOSE($U81,"R2·R3","R1·R3","R1·R2"))) -> R1·R3 | W81: {=IF($T81="입력 필요","-",IF($U81=0,AVERAGE(F81:H81),(SUM(F81:H81)-INDEX(F81:H81,$U81))/2))} -> 131.42426 | X81: {=IF($T81="입력 필요","-",IF($U81=0,AVERAGE(I81:K81),(SUM(I81:K81)-INDEX(I81:K81,$U81))/2))} -> 52.70826 | Y81: {=IF($T81="입력 필요","-",IF($U81=0,AVERAGE(L81:N81),(SUM(L81:N81)-INDEX(L81:N81,$U81))/2))} -> 78.715999 | Z81: =IFERROR(IF($U81=0,STDEV(L81:N81)/AVERAGE(L81:N81)*100,ABS(CHOOSE($U81,M81-N81,L81-N81,L81-M81))/SQRT(2)/$Y81*100),"-") -> 0.86921244 | AA81: =IFERROR(IF($Z81<=$D$59,"적합","확인"),"-") -> 적합 | AB81: R1 | AC81: =IF($T81=$AB81,"일치","차이") -> 차이 | AS81: =ABS(CHOOSE(COLUMN()-44,$G81-$H81,$F81-$H81,$F81-$G81))/MEDIAN($F81:$H81)*100+ABS(CHOOSE(COLUMN()-44,$J81-$K81,$I81-$K81,$I81-$J81))/MEDIAN($I81:$K81)*100+ABS(CHOOSE(COLUMN()-44,$M81-$N81,$L81-$N81,$L81-$M81))/MEDIAN($L81:$N81)*100 -> 0.89199442 | AT81: =ABS(CHOOSE(COLUMN()-44,$G81-$H81,$F81-$H81,$F81-$G81))/MEDIAN($F81:$H81)*100+ABS(CHOOSE(COLUMN()-44,$J81-$K81,$I81-$K81,$I81-$J81))/MEDIAN($I81:$K81)*100+ABS(CHOOSE(COLUMN()-44,$M81-$N81,$L81-$N81,$L81-$M81))/MEDIAN($L81:$N81)*100 -> 2.4443681 | AU81: =ABS(CHOOSE(COLUMN()-44,$G81-$H81,$F81-$H81,$F81-$G81))/MEDIAN($F81:$H81)*100+ABS(CHOOSE(COLUMN()-44,$J81-$K81,$I81-$K81,$I81-$J81))/MEDIAN($I81:$K81)*100+ABS(CHOOSE(COLUMN()-44,$M81-$N81,$L81-$N81,$L81-$M81))/MEDIAN($L81:$N81)*100 -> 1.5523737 | AV81: =ABS(F81-MEDIAN($F81:$H81))/MEDIAN($F81:$H81)*100+ABS(I81-MEDIAN($I81:$K81))/MEDIAN($I81:$K81)*100 -> 0.88130312 | AW81: =ABS(G81-MEDIAN($F81:$H81))/MEDIAN($F81:$H81)*100+ABS(J81-MEDIAN($I81:$K81))/MEDIAN($I81:$K81)*100 -> 0 | AX81: =ABS(H81-MEDIAN($F81:$H81))/MEDIAN($F81:$H81)*100+ABS(K81-MEDIAN($I81:$K81))/MEDIAN($I81:$K81)*100 -> 0.33451109 | AY81: =MATCH(MAX($AV81:$AX81),$AV81:$AX81,0) -> 1
B82: CS 03-02 | C82: Day1 | D82: 6 | E82: 14 | F82: {=IF($C82="Day1",INDEX('2026-07_결과정리'!$E:$G,$E82,1),INDEX('2026-07_결과정리'!$Q:$S,$E82,1))} -> 131.83159 | G82: {=IF($C82="Day1",INDEX('2026-07_결과정리'!$E:$G,$E82,2),INDEX('2026-07_결과정리'!$Q:$S,$E82,2))} -> 132.32691 | H82: {=IF($C82="Day1",INDEX('2026-07_결과정리'!$E:$G,$E82,3),INDEX('2026-07_결과정리'!$Q:$S,$E82,3))} -> 132.43698 | I82: {=IF($C82="Day1",INDEX('2026-07_결과정리'!$E:$G,$E82+8,1),INDEX('2026-07_결과정리'!$Q:$S,$E82+8,1))} -> 52.633143 | J82: {=IF($C82="Day1",INDEX('2026-07_결과정리'!$E:$G,$E82+8,2),INDEX('2026-07_결과정리'!$Q:$S,$E82+8,2))} -> 52.993076 | K82: {=IF($C82="Day1",INDEX('2026-07_결과정리'!$E:$G,$E82+8,3),INDEX('2026-07_결과정리'!$Q:$S,$E82+8,3))} -> 52.573154 | L82: {=IF($C82="Day1",INDEX('2026-07_결과정리'!$E:$G,$E82+16,1),INDEX('2026-07_결과정리'!$Q:$S,$E82+16,1))} -> 79.198448 | M82: {=IF($C82="Day1",INDEX('2026-07_결과정리'!$E:$G,$E82+16,2),INDEX('2026-07_결과정리'!$Q:$S,$E82+16,2))} -> 79.333836 | N82: {=IF($C82="Day1",INDEX('2026-07_결과정리'!$E:$G,$E82+16,3),INDEX('2026-07_결과정리'!$Q:$S,$E82+16,3))} -> 79.86383 | O82: =$C$6*ABS(F82-MEDIAN($F82:$H82))/MEDIAN($F82:$H82)*100+$D$6*ABS(I82-MEDIAN($I82:$K82))/MEDIAN($I82:$K82)*100+$E$6*ABS(L82-MEDIAN($L82:$N82))/MEDIAN($L82:$N82)*100 -> 0 | P82: =$C$6*ABS(G82-MEDIAN($F82:$H82))/MEDIAN($F82:$H82)*100+$D$6*ABS(J82-MEDIAN($I82:$K82))/MEDIAN($I82:$K82)*100+$E$6*ABS(M82-MEDIAN($L82:$N82))/MEDIAN($L82:$N82)*100 -> 0 | Q82: =$C$6*ABS(H82-MEDIAN($F82:$H82))/MEDIAN($F82:$H82)*100+$D$6*ABS(K82-MEDIAN($I82:$K82))/MEDIAN($I82:$K82)*100+$E$6*ABS(N82-MEDIAN($L82:$N82))/MEDIAN($L82:$N82)*100 -> 0 | R82: =IF($C$8="ALL","없음",IF($C$8="MAN","-",IF($C$8="PAIR","R"&MATCH(MIN($AS82:$AU82),$AS82:$AU82,0),IF($C$8="DIR_BF_HI","R"&MATCH(MIN($F82:$H82),$F82:$H82,0),IF($C$8="DIR_BF_LO","R"&MATCH(MAX($F82:$H82),$F82:$H82,0),IF($C$8="DIR_HDL_HI","R"&MATCH(MIN($I82:$K82),$I82:$K82,0),IF($C$8="DIR_HDL_LO","R"&MATCH(MAX($I82:$K82),$I82:$K82,0),"R"&MATCH(MAX($O82:$Q82),$O82:$Q82,0)))))))) -> R3 | T82: =IF($C$8="MAN",IF($S82="","입력 필요",$S82),$R82) -> R3 | U82: =IFERROR(VALUE(MID($T82,2,1)),0) -> 3 | V82: =IF($T82="입력 필요","-",IF($U82=0,"R1·R2·R3",CHOOSE($U82,"R2·R3","R1·R3","R1·R2"))) -> R1·R2 | W82: {=IF($T82="입력 필요","-",IF($U82=0,AVERAGE(F82:H82),(SUM(F82:H82)-INDEX(F82:H82,$U82))/2))} -> 132.07925 | X82: {=IF($T82="입력 필요","-",IF($U82=0,AVERAGE(I82:K82),(SUM(I82:K82)-INDEX(I82:K82,$U82))/2))} -> 52.81311 | Y82: {=IF($T82="입력 필요","-",IF($U82=0,AVERAGE(L82:N82),(SUM(L82:N82)-INDEX(L82:N82,$U82))/2))} -> 79.266142 | Z82: =IFERROR(IF($U82=0,STDEV(L82:N82)/AVERAGE(L82:N82)*100,ABS(CHOOSE($U82,M82-N82,L82-N82,L82-M82))/SQRT(2)/$Y82*100),"-") -> 0.12077512 | AA82: =IFERROR(IF($Z82<=$D$59,"적합","확인"),"-") -> 적합 | AB82: R2 | AC82: =IF($T82=$AB82,"일치","차이") -> 차이 | AS82: =ABS(CHOOSE(COLUMN()-44,$G82-$H82,$F82-$H82,$F82-$G82))/MEDIAN($F82:$H82)*100+ABS(CHOOSE(COLUMN()-44,$J82-$K82,$I82-$K82,$I82-$J82))/MEDIAN($I82:$K82)*100+ABS(CHOOSE(COLUMN()-44,$M82-$N82,$L82-$N82,$L82-$M82))/MEDIAN($L82:$N82)*100 -> 1.5490675 | AT82: =ABS(CHOOSE(COLUMN()-44,$G82-$H82,$F82-$H82,$F82-$G82))/MEDIAN($F82:$H82)*100+ABS(CHOOSE(COLUMN()-44,$J82-$K82,$I82-$K82,$I82-$J82))/MEDIAN($I82:$K82)*100+ABS(CHOOSE(COLUMN()-44,$M82-$N82,$L82-$N82,$L82-$M82))/MEDIAN($L82:$N82)*100 -> 1.4101862 | AU82: =ABS(CHOOSE(COLUMN()-44,$G82-$H82,$F82-$H82,$F82-$G82))/MEDIAN($F82:$H82)*100+ABS(CHOOSE(COLUMN()-44,$J82-$K82,$I82-$K82,$I82-$J82))/MEDIAN($I82:$K82)*100+ABS(CHOOSE(COLUMN()-44,$M82-$N82,$L82-$N82,$L82-$M82))/MEDIAN($L82:$N82)*100 -> 1.2288271 | AV82: =ABS(F82-MEDIAN($F82:$H82))/MEDIAN($F82:$H82)*100+ABS(I82-MEDIAN($I82:$K82))/MEDIAN($I82:$K82)*100 -> 0.37431687 | AW82: =ABS(G82-MEDIAN($F82:$H82))/MEDIAN($F82:$H82)*100+ABS(J82-MEDIAN($I82:$K82))/MEDIAN($I82:$K82)*100 -> 0.6838542 | AX82: =ABS(H82-MEDIAN($F82:$H82))/MEDIAN($F82:$H82)*100+ABS(K82-MEDIAN($I82:$K82))/MEDIAN($I82:$K82)*100 -> 0.19715723 | AY82: =MATCH(MAX($AV82:$AX82),$AV82:$AX82,0) -> 2
B83: CS 03-02 | C83: Day2 | D83: 6 | E83: 14 | F83: {=IF($C83="Day1",INDEX('2026-07_결과정리'!$E:$G,$E83,1),INDEX('2026-07_결과정리'!$Q:$S,$E83,1))} -> 132.30241 | G83: {=IF($C83="Day1",INDEX('2026-07_결과정리'!$E:$G,$E83,2),INDEX('2026-07_결과정리'!$Q:$S,$E83,2))} -> 132.19265 | H83: {=IF($C83="Day1",INDEX('2026-07_결과정리'!$E:$G,$E83,3),INDEX('2026-07_결과정리'!$Q:$S,$E83,3))} -> 132.74149 | I83: {=IF($C83="Day1",INDEX('2026-07_결과정리'!$E:$G,$E83+8,1),INDEX('2026-07_결과정리'!$Q:$S,$E83+8,1))} -> 52.857821 | J83: {=IF($C83="Day1",INDEX('2026-07_결과정리'!$E:$G,$E83+8,2),INDEX('2026-07_결과정리'!$Q:$S,$E83+8,2))} -> 52.857821 | K83: {=IF($C83="Day1",INDEX('2026-07_결과정리'!$E:$G,$E83+8,3),INDEX('2026-07_결과정리'!$Q:$S,$E83+8,3))} -> 52.917645 | L83: {=IF($C83="Day1",INDEX('2026-07_결과정리'!$E:$G,$E83+16,1),INDEX('2026-07_결과정리'!$Q:$S,$E83+16,1))} -> 79.444594 | M83: {=IF($C83="Day1",INDEX('2026-07_결과정리'!$E:$G,$E83+16,2),INDEX('2026-07_결과정리'!$Q:$S,$E83+16,2))} -> 79.334824 | N83: {=IF($C83="Day1",INDEX('2026-07_결과정리'!$E:$G,$E83+16,3),INDEX('2026-07_결과정리'!$Q:$S,$E83+16,3))} -> 79.823847 | O83: =$C$6*ABS(F83-MEDIAN($F83:$H83))/MEDIAN($F83:$H83)*100+$D$6*ABS(I83-MEDIAN($I83:$K83))/MEDIAN($I83:$K83)*100+$E$6*ABS(L83-MEDIAN($L83:$N83))/MEDIAN($L83:$N83)*100 -> 0 | P83: =$C$6*ABS(G83-MEDIAN($F83:$H83))/MEDIAN($F83:$H83)*100+$D$6*ABS(J83-MEDIAN($I83:$K83))/MEDIAN($I83:$K83)*100+$E$6*ABS(M83-MEDIAN($L83:$N83))/MEDIAN($L83:$N83)*100 -> 0 | Q83: =$C$6*ABS(H83-MEDIAN($F83:$H83))/MEDIAN($F83:$H83)*100+$D$6*ABS(K83-MEDIAN($I83:$K83))/MEDIAN($I83:$K83)*100+$E$6*ABS(N83-MEDIAN($L83:$N83))/MEDIAN($L83:$N83)*100 -> 0 | R83: =IF($C$8="ALL","없음",IF($C$8="MAN","-",IF($C$8="PAIR","R"&MATCH(MIN($AS83:$AU83),$AS83:$AU83,0),IF($C$8="DIR_BF_HI","R"&MATCH(MIN($F83:$H83),$F83:$H83,0),IF($C$8="DIR_BF_LO","R"&MATCH(MAX($F83:$H83),$F83:$H83,0),IF($C$8="DIR_HDL_HI","R"&MATCH(MIN($I83:$K83),$I83:$K83,0),IF($C$8="DIR_HDL_LO","R"&MATCH(MAX($I83:$K83),$I83:$K83,0),"R"&MATCH(MAX($O83:$Q83),$O83:$Q83,0)))))))) -> R1 | T83: =IF($C$8="MAN",IF($S83="","입력 필요",$S83),$R83) -> R1 | U83: =IFERROR(VALUE(MID($T83,2,1)),0) -> 1 | V83: =IF($T83="입력 필요","-",IF($U83=0,"R1·R2·R3",CHOOSE($U83,"R2·R3","R1·R3","R1·R2"))) -> R2·R3 | W83: {=IF($T83="입력 필요","-",IF($U83=0,AVERAGE(F83:H83),(SUM(F83:H83)-INDEX(F83:H83,$U83))/2))} -> 132.46707 | X83: {=IF($T83="입력 필요","-",IF($U83=0,AVERAGE(I83:K83),(SUM(I83:K83)-INDEX(I83:K83,$U83))/2))} -> 52.887733 | Y83: {=IF($T83="입력 필요","-",IF($U83=0,AVERAGE(L83:N83),(SUM(L83:N83)-INDEX(L83:N83,$U83))/2))} -> 79.579336 | Z83: =IFERROR(IF($U83=0,STDEV(L83:N83)/AVERAGE(L83:N83)*100,ABS(CHOOSE($U83,M83-N83,L83-N83,L83-M83))/SQRT(2)/$Y83*100),"-") -> 0.43452425 | AA83: =IFERROR(IF($Z83<=$D$59,"적합","확인"),"-") -> 적합 | AB83: R3 | AC83: =IF($T83=$AB83,"일치","차이") -> 차이 | AS83: =ABS(CHOOSE(COLUMN()-44,$G83-$H83,$F83-$H83,$F83-$G83))/MEDIAN($F83:$H83)*100+ABS(CHOOSE(COLUMN()-44,$J83-$K83,$I83-$K83,$I83-$J83))/MEDIAN($I83:$K83)*100+ABS(CHOOSE(COLUMN()-44,$M83-$N83,$L83-$N83,$L83-$M83))/MEDIAN($L83:$N83)*100 -> 1.1435752 | AT83: =ABS(CHOOSE(COLUMN()-44,$G83-$H83,$F83-$H83,$F83-$G83))/MEDIAN($F83:$H83)*100+ABS(CHOOSE(COLUMN()-44,$J83-$K83,$I83-$K83,$I83-$J83))/MEDIAN($I83:$K83)*100+ABS(CHOOSE(COLUMN()-44,$M83-$N83,$L83-$N83,$L83-$M83))/MEDIAN($L83:$N83)*100 -> 0.92243547 | AU83: =ABS(CHOOSE(COLUMN()-44,$G83-$H83,$F83-$H83,$F83-$G83))/MEDIAN($F83:$H83)*100+ABS(CHOOSE(COLUMN()-44,$J83-$K83,$I83-$K83,$I83-$J83))/MEDIAN($I83:$K83)*100+ABS(CHOOSE(COLUMN()-44,$M83-$N83,$L83-$N83,$L83-$M83))/MEDIAN($L83:$N83)*100 -> 0.22113974 | AV83: =ABS(F83-MEDIAN($F83:$H83))/MEDIAN($F83:$H83)*100+ABS(I83-MEDIAN($I83:$K83))/MEDIAN($I83:$K83)*100 -> 0 | AW83: =ABS(G83-MEDIAN($F83:$H83))/MEDIAN($F83:$H83)*100+ABS(J83-MEDIAN($I83:$K83))/MEDIAN($I83:$K83)*100 -> 0.082968617 | AX83: =ABS(H83-MEDIAN($F83:$H83))/MEDIAN($F83:$H83)*100+ABS(K83-MEDIAN($I83:$K83))/MEDIAN($I83:$K83)*100 -> 0.44505425 | AY83: =MATCH(MAX($AV83:$AX83),$AV83:$AX83,0) -> 3
